timestamp,USD,ETH,wBTC,wETH,DAI
1627804800,13417079948,4415754.179420586[object Object],49406.4421,1765117.002,524126730.7
1627776000,13370047513,4509603.942314918[object Object],50027.97816,1794441.053,527850223
1627689600,13084425643,4531366.611432632[object Object],50725.84989,1772308.417,492480538.9
1627603200,12667736106,4534852.005656118[object Object],50467.92105,1767507.66,493473402.9
1627516800,12382663820,4595136.1232867185[object Object],50673.0383,1777988.777,472791693.9
1627430400,12464042920,4628383.885759488[object Object],50461.70213,1773380.372,516816978.7
1627344000,12189785037,4659462.3274205895[object Object],48233.49447,1800105.519,524913426.7
1627257600,11899191501,4615687.243429799[object Object],48365.72492,1753647.979,520672176.9
1627171200,11789324208,4588980.494642213[object Object],48361.15866,1771067.795,522370832.5
1627084800,11694443823,4686586.222712548[object Object],48370.65526,1778632.631,546883083.1
1626998400,11382219809,4769456.728570167[object Object],48319.11827,1774670.911,546568275.9
1626912000,11201503221,4766500.823760241[object Object],48537.37558,1775167.702,557088412.4
1626825600,10337655168,4905201.886077994[object Object],49131.89917,1760905.529,586423084.5
1626739200,10549621000,4898555.06389628[object Object],49772.49294,1742522.946,597685154.2
1626652800,10898513435,4856126.655806913[object Object],49989.97789,1749495.14,573537346.9
1626566400,10888942585,4833039.609903653[object Object],50132.03121,1746957.362,599584052.5
1626480000,10782492221,4836887.1956798835[object Object],50899.55484,1756723.114,595757543.5
1626393600,10187206219,4388114.165254391[object Object],49757.99003,1359457.382,578506376.6
1626307200,10316292313,4266862.566025302[object Object],50037.35151,1379278.412,586465804.5
1626220800,9970197150,4204022.910962935[object Object],48384.58048,1313679.304,573790809.6
1626134400,10495565536,4238257.76455227[object Object],48297.08917,1315054.43,605398735.2
1626048000,10724119380,4108899.767102806[object Object],45973.2673,1322941.938,601440532.6
1625961600,10566397014,4094076.51145254[object Object],46058.85573,1314981.894,605011788.4
1625875200,10629144178,4046977.4693782683[object Object],47347.43661,1250366.289,614544113
1625788800,10417135080,4019592.2050972474[object Object],48693.87819,1238134.125,617625396.9
1625702400,10986661604,3874328.573768372[object Object],47959.9374,1250490.34,606670311.4
1625616000,11031938105,3858826.8717398304[object Object],48668.92312,1250991.205,637246472.1
1625529600,10749677944,3961304.9433195074[object Object],49102.75862,1245071.447,639024928.9
1625443200,10904138502,3774085.6811295208[object Object],49543.07522,1233883.612,724138029.5
1625356800,10614832555,3816978.72568403[object Object],50282.21724,1221117.473,723783730.7
1625270400,10287672877,3813601.081068568[object Object],49944.66644,1218801.204,733064485.3
1625184000,10156093679,3851452.502849791[object Object],49620.28675,1225272.875,740674669.4
1625097600,10673804555,3772783.1257922603[object Object],49469.57313,1251085.231,736468085.6
1625011200,10562029220,3926687.786481937[object Object],49632.04133,1250839.62,740105036.2
1624924800,10295007816,3930066.0771881393[object Object],49944.54511,1242328.243,725334022.5
1624838400,10000520957,3993595.5048869792[object Object],50441.04045,1227571.029,724976144.1
1624752000,9451712771,4055629.5736269015[object Object],50403.77686,1224155.372,718686498.2
1624665600,9459989814,4072806.855273881[object Object],48899.91523,1216189.97,721320848.6
1624579200,10099538559,3946126.748681898[object Object],50939.27088,1149174.338,731664181
1624492800,9912147123,3900323.227228952[object Object],49535.31849,1136396.737,739474174.1
1624406400,9744143810,3993599.2883225274[object Object],52437.07261,1129295.995,698524391.2
1624320000,9895822006,3927405.1860488425[object Object],53869.4371,1089675.762,671871225
1624233600,8493351061,3771872.251483284[object Object],40420.90258,1112024.777,450396709.1
1624147200,10972001677,3762297.2508464935[object Object],57176.63747,1101138.017,665293789.7
1624060800,11115980080,3708384.84711627[object Object],55728.75206,1115589.239,672868331.9
1623974400,11682657987,3649059.551299866[object Object],56339.91896,1090659.41,602015044.2
1623888000,11815150126,3570572.648616237[object Object],60609.60187,1038765.46,657917266.5
1623801600,12997467786,3601302.464306055[object Object],62203.24151,1117409.569,668007396.3
1623715200,13121164051,3613483.368456121[object Object],61760.63787,1133901.097,609842292.3
1623628800,12998125664,3701200.8185881246[object Object],61173.88913,1146160.116,630747487.9
1623542400,12142250550,3654247.9127050717[object Object],61620.50792,1126399.908,611098518.9
1623456000,12126818226,3698862.0134353666[object Object],61240.61587,1136154.083,581726760.2
1623369600,12713268221,3674400.890975786[object Object],60858.34105,1140553.564,552855662
1623283200,13283719794,3700367.972866225[object Object],60488.73823,1162944.169,587796328.4
1623196800,12624315295,3631075.6317610475[object Object],57945.47584,1124758.985,586749587.7
1623110400,12596217342,3491835.2872509286[object Object],57132.48219,1101464.636,578403785.3
1623024000,13354670715,3574902.924825465[object Object],56312.55847,1079737.808,516456050.4
1622937600,13042628885,3608729.702413307[object Object],56228.72432,1071027.133,522022917.8
1622851200,13331155553,3591166.5768424496[object Object],56027.10607,1037266.684,541151550.9
1622764800,14123125686,3598718.865227354[object Object],54968.9345,1039218.171,529969765.9
1622678400,13815437165,3723087.99878936[object Object],54722.96813,1025329.204,514824291.4
1622592000,13493865813,3736211.2593926406[object Object],55655.7695,981651.5693,493526494.2
1622505600,13605323034,3646701.590558504[object Object],56110.20854,936354.0829,483546725.9
1622419200,12185516530,3697927.3312341413[object Object],55193.64329,873429.9659,498854735.3
1622332800,11345297422,3616419.117814856[object Object],55186.62403,853630.3138,468646218.1
1622246400,11212638978,3313759.908438782[object Object],49827.8663,846608.5978,432530073.6
1622160000,12342992153,3254763.436522222[object Object],48606.78547,849363.3651,416456446.7
1622073600,12505323805,3191575.5417416054[object Object],47152.99073,857741.7305,401921246.4
1621987200,11503228336,3128027.6212942493[object Object],41003.7537,1000341.667,388315983.7
1621900800,11271251400,3177618.171752898[object Object],40426.69835,1015116.252,378609317.7
1621814400,9152018377,3232623.126318991[object Object],40625.90448,1012480.95,390057814.3
1621728000,10288136811,3377674.7617535633[object Object],41371.49719,1068832.572,411826319.5
1621641600,10967830763,3424908.674413927[object Object],40524.0074,1121298.316,415141546.5
1621555200,12079789637,3369099.4475754504[object Object],42197.27399,1085873.691,381044115.1
1621468800,10932602438,3504747.4773861985[object Object],40402.88578,1186311.021,389967291.4
1621382400,14357877667,3420622.371907866[object Object],39520.02785,1075610.237,391720929.8
1621296000,13238556530,3306746.500214636[object Object],39369.72043,1076751.728,389616264.9
1621209600,13457502465,3087772.608653216[object Object],39580.23393,1058774.741,359191537.3
1621123200,13075605913,3010434.1142611[object Object],38141.95441,1048641.935,270303841.5
1621036800,14423308610,3023040.6833409304[object Object],38258.48584,1063684.89,257336223.4
1620950400,12776495472,2961827.4006591365[object Object],37651.89009,1006727.742,255786697.6
1620864000,12441838930,2823973.355135277[object Object],36391.75932,990875.7135,221940406.4
1620777600,13214483081,2749021.501066139[object Object],35480.24007,980004.007,213964038.7
1620691200,12515557153,2759998.784510232[object Object],35392.74259,972693.7012,218595904
1620604800,12877614091,2866727.4038755735[object Object],34972.01495,966990.0009,220852581.2
1620518400,12687187717,2859380.028526279[object Object],34430.17891,963042.7051,204302019.1
1620432000,12440242533,3170707.9839557144[object Object],38263.39559,1030372.353,205788255.1
1620345600,12453954452,3175863.716240734[object Object],38306.663,1042558.857,211425407.9
1620259200,11958569285,2996715.5296993484[object Object],38606.0924,1038075.055,202072712.2
1620172800,11862927721,3256761.3824995533[object Object],39101.49142,1043696.499,214050722.4
1620086400,12465367532,3256188.1951168296[object Object],39295.54825,1027546.225,165054994
1620000000,11007409908,3326022.200919336[object Object],31101.46222,964058.8406,200505434.2
1619913600,11007445701,3377202.114909278[object Object],30451.82479,956206.4003,151104281.3
1619827200,10319836139,3346689.942590832[object Object],30109.95878,951026.3637,190274913.6
1619740800,9662557738,3163235.4778032685[object Object],23933.42319,948826.1527,167726771.6
1619654400,9524374996,3172625.2191466917[object Object],23777.53918,921780.6056,142032234.9
1619568000,8886837822,3063405.080353292[object Object],18183.77101,912275.9822,143382633.6
1619481600,7770684726,2841180.7256906647[object Object],12719.51643,863873.5077,104792258.5
1619395200,6333882083,2517836.1861266694[object Object],11415.07924,671084.7185,84640356.97
1619308800,5996662380,2498279.315252985[object Object],11075.04826,651246.4096,75711987.99
1619222400,6400869510,2517667.8269645744[object Object],10961.35732,677322.1672,81591354.61
1619136000,6689419218,2619784.146549394[object Object],10559.05388,778672.6097,71756275.31
1619049600,6665066669,2675767.734048594[object Object],10751.07604,793913.0905,62157620.41
1618963200,6597956534,2693642.3741596[object Object],10788.75767,789482.49,59784278.89
1618876800,6213415039,2737676.1862527714[object Object],10938.86917,793897.4965,66537507.59
1618790400,6659055900,2835765.270183625[object Object],10851.16148,791860.1718,59871141.45
1618704000,7032198389,2897945.1734014554[object Object],10991.12759,779652.3412,51760603.4
1618617600,7293132387,2882105.7436577273[object Object],10739.91805,780100.9757,55881171.9
1618531200,7455839833,2860330.523759559[object Object],10219.37675,783816.0832,33575498.06
1618444800,6547536074,2625762.537207887[object Object],10127.69238,750490.3957,51491604.11
1618358400,6035329918,2617305.574012872[object Object],9650.572,751255.5124,37280697.4
1618272000,5836402122,2726823.731730702[object Object],9578.847037,750164.1344,43618913.26
1618185600,5722686928,2659711.2028658497[object Object],9763.962493,748194.1859,25704980.6
1618099200,5715407453,2676919.677948622[object Object],10724.08105,744934.8353,30636638.65
1618012800,5653518447,2733319.169650634[object Object],10855.34533,749755.7492,32951367.63
1617926400,5765690748,2769602.2940653316[object Object],9988.828322,768648.1834,31361553.65
1617840000,5563322411,2834543.891520377[object Object],10951.01775,776027.2197,39457934.59
1617753600,5921761674,2801593.412836306[object Object],11031.00821,812607.3673,36829028.51
1617667200,5924004706,2813390.5750753176[object Object],9839.953364,808172.6567,44029579.43
1617580800,5899771794,2842786.013267894[object Object],9952.863842,823902.0528,35655992.98
1617494400,5626469959,2797264.959212097[object Object],10107.04207,824593.1664,38744170.88
1617408000,6208988921,2906254.3471339075[object Object],10742.99889,842062.7,39730749.46
1617321600,5799336159,2945883.0678556003[object Object],11031.41378,833600.8165,43018425.94
1617235200,5712802321,2979449.273653847[object Object],10586.65484,853085.6122,39206799.02
1617148800,5844901762,3175351.772957174[object Object],10620.44583,841777.2008,41680445.95
1617062400,5712438531,3143711.700511805[object Object],9804.146889,860975.2155,44186680.75
1616976000,5406156263,3205281.662358298[object Object],8959.064412,784518.3836,47992405.84
1616889600,5344084917,3119358.462,8926.881261,779328.0725,28142056.55
1616803200,5432819890,3197412.729,9001.679927,751244.0234,24560623.75
1616716800,4999499740,3147486.946,8998.657705,744354.1304,25705901.36
1616630400,4810352825,3036014.734,8768.540507,709245.8445,22395430.98
1616544000,5065873191,3032912.166,8598.830288,683069.2048,20511885.88
1616457600,5084922764,3016845.206,8492.205525,687459.6877,22300338.98
1616371200,5477592106,3068679.051,8907.736192,668878.7825,25092986.99
1616284800,5522093480,3060230.14,9158.001266,652077.7305,19818785.42
1616198400,5526453789,3053137.573,9329.373001,633870.1891,19405556.67
1616112000,5141294501,2893732.482,9234.245551,631103.4082,17682582.01
1616025600,5333554619,2924787.433,9550.918648,631931.664,12947316.31
1615939200,5152137131,2854559.378,9542.395336,632634.615,17013974.28
1615852800,5079057218,2834722.429,9508.410915,597007.7775,14900329.85
1615766400,5376301575,2907491.983,9421.56882,597617.597,17132271.94
1615680000,5500974679,2862630.905,9347.719957,595052.701,15806930.04
1615593600,5122560789,2899196.209,9655.211028,625834.8099,15449143.2
1615507200,5413683727,2963300.725,10908.4887,722175.0186,29154610.93
1615420800,5336221353,2970062.033,10859.00824,715212.845,16785528.52
1615334400,5519436244,2950528.821,9819.167734,713543.6827,15999135.06
1615248000,5408707065,2954092.514,9605.923349,796238.2481,41761860.43
1615161600,5179093556,3002233.842,9758.389811,824049.9585,48437623.7
1615075200,4960850206,3004008.82,9550.294083,549291.8588,43095098.29
1614988800,4851924239,3173287.097,9453.124024,514297.3672,39467198.76
1614902400,4814060460,3126500.533,9628.911076,521765.7122,37787562.43
1614816000,5053977961,3216246.738,9954.130894,507517.3516,52783743.16
1614729600,4875229193,3271417.006,9850.061897,506628.2368,40096061.01
1614643200,4768369521,3035901.8,9776.587659,511073.4545,33907074.46
1614556800,4544854205,3201142.591,9692.381725,546636.9969,28626277.32
1614470400,4463677426,3055116.133,9545.429259,535419.6218,34832325.99
1614384000,4279468673,2961098.699,9737.753164,538096.8333,42294309.97
1614297600,4580465620,3103590.869,9618.719525,533407.7411,44491524.08
1614211200,4751628924,2924421.27,9693.736351,534870.6656,44391934.48
1614124800,4786864730,3036002.239,10054.82549,540707.2725,43046984.1
1614038400,5403327142,3036737.148,9894.06109,484148.0528,40231187.76
1613952000,5714651570,2949695.5,9491.582277,470368.0824,53935890.88
1613865600,5755057782,2997066.904,9504.549051,483449.4605,53853006.15
1613779200,5646730945,2884266.765,9694.338876,477210.834,48807161.6
1613692800,5740298227,2956874.235,10758.72199,443183.7611,56243655.42
1613606400,5587713969,3018020.454,10951.74486,441563.1653,34367945.49
1613520000,5434899273,3048074.25,11614.48708,424346.4125,35042250.23
1613433600,5715039240,3211526.147,12234.79336,420299.1902,21670058.56
1613347200,5855922421,3245159.307,12069.09081,418333.1497,17272843.94
1613260800,6076650436,3344239.529,12022.65516,431177.0232,42327333.48
1613174400,6258952939,3390732.401,12002.29122,432895.4941,38745887.91
1613088000,6013890612,3363492.308,11740.19265,429653.3071,47302452.54
1613001600,5943444024,3408993.624,12327.35639,432172.1959,27904484.31
1612915200,5828047162,3285980.098,12398.80701,448202.9811,32223373.73
1612828800,5647014313,3227455.485,12371.97208,431377.3715,19127718.68
1612742400,5345801104,3310380.531,11673.92885,417074.9671,42094996.69
1612656000,5428929770,3232775.835,11163.27744,409522.3595,55558176.86
1612569600,5765023037,3351601.691,10916.30694,471282.322,64778641.09
1612483200,5421869844,3392633.793,12422.77428,430501.6239,26938900.92
1612396800,4704404056,2826894.082,12691.74524,424206.3101,22613133.71
1612310400,4051644973,2675748.392,12531.70008,428282.7654,20704342.19
1612224000,3937376208,2863129.878,11900.64371,415039.4005,26228256.3
1612137600,3951750215,3007145.63,11574.11971,429282.3392,28977707.1
1612051200,4095962434,2972374.971,11216.89585,418592.7762,26450410.89
1611964800,3953031984,2864578.204,11380.46675,419419.1014,27024269.03
1611878400,3985793605,2996319.137,10685.1521,407959.1678,26451090.96
1611792000,3709750717,2971818.472,10720.81507,410853.2108,23085344.13
1611705600,3859506049,2826752.151,10762.69144,412382.9349,23989470.86
1611619200,3679005097,2786892.832,10809.38607,468092.9262,18216758.34
1611532800,3916270414,2825204.636,10811.52212,483809.8948,18604090.68
1611446400,3498613623,2835939.614,10825.23842,478051.823,17463244.11
1611360000,3258856128,2634313.163,11185.83286,487868.8218,19179952.91
1611273600,2959217512,2651224.735,12467.56047,515537.3415,21617367.2
1611187200,3409505794,2475050.484,11898.18996,528357.233,18307220.36
1611100800,3439220304,2506446.31,12441.09097,530964.9152,20383526.43
1611014400,3413387530,2712676.153,13468.71729,504972.9117,21901170.65
1610928000,3460120325,2807081.001,14189.22962,497324.9421,20722710.69
1610841600,3288840887,2674528.448,14190.67355,494837.4705,22376268.61
1610755200,3126331033,2666585.097,14973.14347,487888.8477,15169349.63
1610668800,2988431072,2438341.279,15077.18756,481633.0864,16654625.79
1610582400,3007983437,2661555.388,19001.58675,439129.018,15222014.71
1610496000,2621148944,2497021.981,18744.29226,448381.6784,25925580.33
1610409600,2628446550,2416473.495,19760.59207,445794.1692,22319441.71
1610323200,2939565053,2339039.939,19583.18335,444199.188,25795653.8
1610236800,2992799669,2339221.251,18849.56631,478130.453,19777031.54
1610150400,2840631702,2334318.105,19009.26401,490551.1724,22748428.59
1610064000,2937591273,2385822.178,19723.49907,507727.4309,18082749.42
1609977600,2821295327,2332979.407,19794.36171,506344.5032,19435934.53
1609891200,2713695586,2465897.542,19708.73289,506800.9843,22143772.84
1609804800,2509585616,2422660.555,20024.26719,528262.2766,20493404.12
1609718400,2426664505,2488912.199,19385.1658,653286.2644,28751417
1609632000,2139704422,2773757.693,19463.35826,656438.7318,11132150.9
1609545600,2058179462,2821704.476,18818.14696,658658.2762,11901965.48
1609459200,2019251539,2738525.177,18637.12842,652733.1164,11741156.1
1609372800,1977237676,2628885.917,17650.59299,690927.5777,11987335.86
1609286400,1846751819,2524885.591,12648.8921,527690.5892,24607762.67
1609200000,1895766631,2599967.95,12138.3893,532097.4485,26825248.73
1609113600,1859860312,2722716.351,12057.40661,532212.9405,33262987.06
1609027200,1753387688,2758243.307,11645.37486,541871.0706,35756088.73
1608940800,1770630727,2828393.225,11259.36939,536026.7802,41123306.74
1608854400,1762947073,2878750.936,11316.10194,539985.9216,44498354.43
1608768000,1671528725,2581671.03,11336.568,508066.6255,24162286.22
1608681600,1826239173,2902524.155,10936.39424,515040.7059,12510996.09
1608595200,1760175490,2903430.143,11008.90625,509674.1614,11489618.32
1608508800,1818114772,2874626.104,11165.46417,489030.8429,9367927.069
1608422400,1881985288,2895852.049,11226.04382,490751.1856,11225184.96
1608336000,1842606191,2868494.6,10951.10458,483351.0153,11697562.21
1608249600,1839572617,2876714.493,11363.01594,477967.121,13927554.26
1608163200,1819146324,2877166.913,11062.92653,466026.5767,14406120.26
1608076800,1728030132,2941578.231,10626.59876,467218.652,15519813.55
1607990400,1741406383,2975847.403,10272.58535,470787.9117,15336924.78
1607904000,1705867923,2890713.623,10210.69049,445622.3388,15730554.98
1607817600,1640424645,2875516.486,10057.37822,443316.5783,14949791.23
1607731200,1608665274,2945841.77,10647.59661,443217.5426,14150877.05
1607644800,1619446953,2884452.396,10391.97752,439072.5543,13521375.57
1607558400,1715141288,2994049.556,10457.12147,446239.9846,15162810.21
1607472000,1643135595,2943421.459,11075.64812,442949.2879,15185318.67
1607385600,1790076878,3031356.902,10902.57371,431899.4504,13975523.88
1607299200,1764912860,2964346.904,11253.07494,418617.3652,14672666.61
1607212800,1775562965,2989918.271,11964.50626,409398.8574,15758758.54
1607126400,1744811298,3056193.267,14102.48769,419079.8958,12124247.55
1607040000,1886697459,3075852.979,14095.41355,411723.4928,14025028.41
1606953600,1842708546,3098186.771,14795.60709,419556.9511,16826633.89
1606867200,1736371215,2965519.905,14615.66324,426865.5334,9103414.622
1606780800,1791699903,2921932.685,14285.11414,431438.2072,7899846.068
1606694400,1651535610,2853477.332,15323.19859,410591.738,13391463.39
1606608000,1583632050,2933684.167,15227.30435,404089.6724,13412156.9
1606521600,1494581876,2857217.45,15164.27048,412784.9228,10181088.03
1606435200,1514462988,2917927.995,15345.28748,411815.7324,9796784.12
1606348800,1628559134,2852567.189,15524.39456,422870.6473,12091847.35
1606262400,1686251306,2804202.86,15620.96642,394003.5015,12846292.88
1606176000,1704842662,2815734.325,15514.52437,403638.2718,10407435.54
1606089600,1651638323,2948616.994,15404.12829,406615.1428,12415361.93
1606003200,1663167212,3032873.577,14695.55306,429238.2407,14134235.02
1605916800,1663383908,3301216.401,14902.16172,422710.2518,9699165.28
1605830400,1598740085,3408100.799,14111.93761,379761.7921,12069471.97
1605744000,1603963795,3363594.755,12674.52465,393808.2213,15789412.41
1605657600,1602782986,3357668.348,12705.92641,473264.0269,13079592.11
1605571200,1499706302,3288108.533,12382.26941,452850.9758,14812469.26
1605484800,1398709291,3141331.561,12263.44374,437892.7693,12897905.7
1605398400,1437929087,3137322.643,12280.64485,441014.3486,16051204.4
1605312000,1428216078,3013686.308,12231.08949,443366.5748,16400548.77
1605225600,1341269715,2906641.489,12153.6605,478765.7748,17092960.04
1605139200,1383274726,2990153.101,11779.94376,443070.1253,17222365.68
1605052800,1451523998,3242976.827,11944.20512,441133.0469,9942860.306
1604966400,1304379626,2941170.322,12056.09419,428958.0662,10229642.45
1604880000,1291351683,2855898.629,12015.36264,432780.7666,9458124.644
1604793600,1198752280,2749242.667,11860.78326,430463.3929,8733651.417
1604707200,1193519326,2620700.29,12053.86323,463582.7723,8789772.834
1604620800,1070437020,2590351.902,11791.32149,427685.8079,9872741.228
1604534400,1058685454,2651685.545,12784.39347,408461.2124,12648403.14
1604448000,1053893924,2735965.535,12505.16913,421602.2548,15563324.66
1604361600,1062383206,2768569.583,11203.56237,442899.5841,11617796.75
1604275200,1093360238,2782087.12,12235.51133,411763.6952,11320767.2
1604188800,1072172205,2781755.974,11879.53479,410407.2441,13190122.47
1604102400,1075087552,2821826.169,11785.39432,414543.1125,12251765.49
1604016000,1047256715,2721631.838,11748.38849,417923.8653,12747063.45
1603929600,1089981266,2809012.875,12003.62415,432522.1533,11052427.36
1603843200,1091168177,2719761.159,11850.28162,448695.3996,7846721.678
1603756800,1089961361,2771604.946,11050.47133,455267.3501,13519953.07
1603670400,1233655097,3037960.739,11746.11438,438161.7871,24550678.49
1603584000,1262037372,3083554.955,11531.50501,434943.7135,24935380.78
1603497600,1266008616,3100302.721,10739.4047,438393.9348,24956251.89
1603411200,1156143925,2801075.53,12233.27193,383595.6249,11249313.45
1603324800,1071902493,2755179.265,12916.6038,328407.8645,11562265.04
1603238400,961115848,2619129.736,14606.61368,326236.2925,10358794.05
1603152000,1056228302,2797362.948,15206.14978,356764.3745,10849806.44
1603065600,1087195523,2886104.388,15705.52365,355539.1213,10545879.5
1602979200,1071884902,2908541.78,15629.61262,353762.5307,10954764.01
1602892800,1089202360,2981175.717,15371.1394,361922.5262,9877506.234
1602806400,1107559729,2963687.696,14990.05311,356232.8719,10549981.71
1602720000,1133266097,3004417.012,15029.86747,341693.4311,10101734.68
1602633600,1154299271,3037949.445,15067.05794,341034.1872,10420921.74
1602547200,1173304812,3051428.603,14222.61937,335909.6191,9183986.89
1602460800,1142108406,3057444.535,15436.95581,315503.4578,7258282.313
1602374400,1160655252,3136397.481,16269.25278,296717.4969,10204315.36
1602288000,1196560689,3278068.843,16348.91889,292198.2758,9083363.887
1602201600,1199571267,3416316.655,17040.68656,299302.1198,11890984.11
1602115200,1161761438,3404229.607,16788.9561,321638.769,14308206.23
1602028800,1222205475,3579247.006,16587.27293,303149.0717,13554177.96
1601942400,1272821866,3613610.045,16439.09727,295668.6407,12840807.1
1601856000,1411169847,3999801.159,13693.16267,405720.271,12128761.53
1601769600,1415924952,4076598.486,11799.46537,448029.0341,12138493.62
1601683200,1385713831,3993987.119,12142.77643,459536.9334,11975669.23
1601596800,1469642918,4148135.477,12464.20787,458636.9069,10861216.63
1601510400,1492932386,4133028.033,11058.27551,485930.784,14036887.19
1601424000,1526457152,4236745.821,6718.20456,542403.9411,10862512.1
1601337600,1613725928,4542891.526,7093.895599,540311.4286,9917995.45
1601251200,1510168016,4217050.672,5715.827971,394086.3185,11575009.01
1601164800,1533342774,4305328.581,13199.60592,371522.1958,8788610.331
1601078400,1463106918,4122937.746,12994.65399,296977.2966,8353055.509
1600992000,1394326119,3977878.92,12079.1116,203399.9088,10302936.07
1600905600,1334356280,4094373.366,11762.4292,226705.827,14237176.5
1600819200,1236038668,3567828.969,11560.44792,244135.7874,12543498.27
1600732800,1190653053,3478796.976,10361.50532,223254.2301,16314217.81
1600646400,1276539451,3429898.036,10485.05691,233347.3423,10393195.1
1600560000,1307855982,3391127.083,10524.07281,240489.5128,5618268.409
1600473600,1315107874,3413470.745,10417.73644,234353.9355,7269241.615
1600387200,1356478692,3485389.378,16291.96844,211904.0454,6750579.436
1600300800,1415655161,3874579.634,16870.87858,269699.0721,12998518.37
1600214400,1399074523,3832345.914,17777.56676,224524.6094,4880753.135
1600128000,1477443714,3904965.545,17810.43948,157811.4137,2030344.713
1600041600,1500372773,4062197.842,17262.80007,160985.229,4679702.022
1599955200,1555030440,3982866.173,16396.67711,151658.4028,3316852.124
1599868800,1498021765,3979337.933,17704.88831,90525.8222,2212291.321
1599782400,1557645044,4200655.441,17569.51162,67082.37908,3709900.488
1599696000,1461730201,4129414.659,17892.69022,124815.0647,2912407.597
1599609600,1324685804,3910857.948,14869.89738,156136.118,3093894.683
1599523200,1375876404,3896563.025,14955.83531,75225.96957,3215053.565
1599436800,1377230277,3873411.736,14792.26283,101046.6902,4534859.179
1599350400,1308709962,3872954.224,13635.15752,249565.2461,2256690.055
1599264000,1480087708,3808671.182,12243.58972,170909.1482,5219880.498
1599177600,1441017788,3714442.036,9661.05012,195980.445,17875831.18
1599091200,1516734532,3440945.874,9191.285079,160248.3045,8963190.517
1599004800,1576176127,3329832.316,8077.516806,128783.2883,3980416.539
1598918400,1527482823,3519302.405,7847.458767,136296.7707,4906066.211
1598832000,1706841353,3981992.705,5458.766072,143150.931,8705699.749
1598745600,1665788870,4148913.748,4782.458509,168674.826,10003536.5
1598659200,1548922018,3902058.239,4947.892132,152328.8956,14754478.49
1598572800,1452058078,3777859.502,4210.848176,212598.0478,17123971.89
1598486400,1484185918,3819315.28,4375.250893,211703.168,17465391.85
1598400000,1420219574,3678562.925,5550.460154,211728.3247,15149345.83
1598313600,1388563911,3397181.365,5593.221699,192057.5785,4473126.885
1598227200,1337140848,3415255.537,5318.738028,181155.2247,20271498.55
1598140800,1382364225,3495762.252,5056.254725,166710.653,22810379.97
1598054400,1309290148,3371852.042,6002.48021,180549.5495,30671586.89
1597968000,1288105158,3096257.771,5196.621275,166986.5137,29060698.87
1597881600,1221647784,2997540.876,3575.166225,154515.6228,27894504.28
1597795200,1136310422,2678019.424,4745.462722,142809.753,25552363.11
1597708800,1173150209,2721989.394,5921.683788,151577.234,25596803.48
1597622400,1095356278,2558108.031,1466.531508,153095.8975,25211301.16
1597536000,1028348587,2383747.304,3110.286655,154632.1451,25164817.16
1597449600,962059248,2208634.836,3625.811222,146514.9203,23677115.39
1597363200,539224415,1279906.041,2434.340524,135940.7625,1957532.126
1597276800,541395297,1396824.73,2803.38011,98225.05025,5329297.73
1597190400,535725423,1411363.673,2779.912998,93808.65049,5953097.784
1597104000,548316502,1387510.76,2810.643988,132670.7227,3264458.14
1597017600,594970029,1526268.609,3616.194328,128893.5599,5262005.801
1596931200,572636268,1454609.871,3637.062934,122485.5631,3859582.857
1596844800,530389320,1398189.803,3579.992233,118868.2109,4145800.548
1596758400,513562131,1305013.928,2506.445796,96319.2386,3298308.694
1596672000,484209858,1213072.096,2507.442982,94870.80859,4070822.636
1596585600,491019178,1262682.074,2525.90199,94855.7252,4741011.133
1596499200,480146005,1242067.426,2475.10822,92901.66873,6066464.418
1596412800,535915555,1442261.572,2832.265326,91326.58042,4607616.363
1596326400,502780348,1299744.973,2834.568467,90316.35209,3059323.369
1596240000,495521321,1430199.789,2833.687617,88377.81778,2521784.257
1596153600,465081901,1390171.577,2864.475444,87045.75279,1291238.131
1596067200,418713852,1314436.829,2819.484224,80997.79666,1135594.071
1595980800,392192859,1240684.758,2778.759908,80678.36665,1019787.282
1595894400,378434505,1180762.886,2920.019282,78560.42133,2171803.823
1595808000,474049629,1529241.682,5433.893166,75375.99578,4401287.746
1595721600,621178149,2058312.565,5483.999848,73231.72969,20794156.76
1595635200,565240288,2032434.245,5829.061374,70496.40826,1502433.574
1595548800,584936590,2131460.081,5625.21588,68123.52294,1955076.431
1595462400,525800149,2002209.166,4006.458089,57278.93684,783901.9667
1595376000,483132216,1973256.886,2723.613052,57930.01733,3692209.713
1595289600,436208813,1843655.169,2657.643382,56024.54358,4948649.182
1595203200,363101879,1525061.443,2541.613723,52052.30165,2403294.75
1595116800,251396702,1064158.068,2013.090617,41019.47806,512373.7816
1595030400,243457348,1050245.235,1732.200087,39804.45528,667747.6453
1594944000,226587304,965392.6292,1734.584989,41331.6429,707587.8017
1594857600,217961484,913118.9108,1720.23453,40066.94622,715447.3334
1594771200,207111403,861815.0924,1889.167259,41992.0563,498282.6581
1594684800,185998640,774897.4711,1090.355677,41538.80509,469776.9829
1594598400,192559909,794716.917,946.394175,41030.00395,467339.3161
1594512000,178735323,745973.8022,940.422966,41039.80925,492243.1203
1594425600,160275688,663887.3664,922.857246,40964.71745,488935.0789
1594339200,156326174,645842.4871,661.173585,40732.5792,722406.8416
1594252800,161340437,655162.9863,624.051378,42920.93466,543557.3606
1594166400,158409258,661637.5324,615.564408,41137.39556,473485.404
1594080000,145308613,603641.6293,559.670193,40654.3809,499012.7285
1593993600,127430064,555977.5916,562.329469,38521.27313,824913.9329
1593907200,129552854,559962.1974,574.89664,41779.63329,628060.2684
1593820800,125994230,554698.556,177.891823,42561.34306,389995.196
1593734400,121002197,531947.936,170.417034,41848.69118,88596.64031
1593648000,124301414,533803.2036,176.991392,41737.92278,1102710.997
1593561600,117500520,517441.078,170.142068,42869.94759,1748250.919
1593475200,118759154,520827.7958,357.372269,43233.46096,1893998.589
1593388800,115494406,510089.2412,347.995496,43095.0977,2002301.172
1593302400,113699629,509886.672,325.803256,42323.33595,1586771.044
1593216000,111947841,484350.1103,337.961607,42281.29202,1146881.082
1593129600,117638496,501229.2118,293.064359,41280.33278,870168.1305
1593043200,125888304,533538.0547,304.613775,41730.2588,1546249.862
1592956800,128899887,530430.3815,140.341045,42267.83096,1680582.921
1592870400,123770172,511743.0414,22.61188,32379.43134,1911403.38
1592784000,133535635,581170.8883,719.240431,27144.31112,2081689.575
1592697600,109441962,475648.4941,36.790476,43300.8895,1226935.173
1592611200,102765588,447098.4903,40.365546,40585.36155,685283.4195
1592524800,100050551,432988.0599,124.546101,39081.02474,741096.9954
1592438400,87193198,374251.8585,132.496745,39359.28333,1114921.211
1592352000,86991027,370221.8453,134.214968,39585.7875,1259539.836
1592265600,82490597,357287.7555,126.453664,50410.36321,1294971.873
1592179200,83519594,358930.7405,106.274225,50213.48632,1364130.187
1592092800,88112861,371001.52,105.950761,52023.50063,1521859.438
1592006400,89746232,376689.3263,104.819557,51825.1156,1548537.333
1591920000,84495993,365846.8696,103.822247,50062.482,1654836.497
1591833600,90067030,366707.5038,103.433045,49143.85127,1507910.335
1591747200,82982168,340188.4475,104.753045,47243.07607,1731953.847
1591660800,75465714,306447.3077,100.34151,43961.69819,1627903.195
1591574400,75132513,308311.8429,105.32881,43679.83657,4106173.864
1591488000,72102106,299067.1782,103.580445,43894.86695,2214080.239
1591401600,71145051,296215.5508,106.256712,43654.21997,2226295.91
1591315200,69560262,287261.0448,101.026826,43715.90234,2263849.981
1591228800,70425026,289958.111,101.101042,43606.05536,2333092.929
1591142400,67691982,285355.2904,89.137251,43783.13434,2431378.598
1591056000,69740673,285646.8278,88.443886,43357.1795,2764254.101
1590969600,66679796,287971.4792,89.217718,43602.99409,2872116.833
1590883200,66560684,273552.0467,86.772314,43586.47762,2400632.058
1590796800,60761510,276792.5929,89.801342,43360.60929,2271702.515
1590710400,58351342,266834.379,89.767132,43670.12007,2212544.702
1590624000,57758417,278407.4858,90.347855,43990.79529,2193160.251
1590537600,56716062,279169.433,90.673867,43891.01467,2103259.153
1590451200,57366137,277775.2131,87.131496,43823.20083,1912860.144
1590364800,57982695,281715.5524,87.120993,42838.65552,1912093.032
1590278400,57846896,276132.0158,85.640882,40805.70311,1671594.349
1590192000,59268797,283095.1328,92.439851,38534.25893,1764290.955
1590105600,56336622,280184.1249,92.717277,38393.2938,1704585.099
1590019200,59184479,281335.1666,92.753905,38308.10862,1838165.39
1589932800,57453206,268799.5041,94.27992,38426.94431,1913939.123
1589846400,55261199,258000.8357,93.904831,36557.6787,1908946.212
1589760000,54848200,265544.4202,92.181537,39617.10358,1699348.437
1589673600,55021885,273999.7261,92.538581,41517.98461,1351189.51
1589587200,54135328,277460.5505,92.535571,41922.78022,1201844.542
1589500800,54851922,270419.651,92.496099,43474.42225,1080976.293
1589414400,52170448,260669.7712,91.539254,43481.58948,999744.138
1589328000,50115677,261277.7071,88.874523,42950.03449,1053426.306
1589241600,50757599,271663.45,88.340004,43004.49261,1101767.382
1589155200,52296525,277626.6125,82.55361,42953.90152,1198388.588
1589068800,54986811,262680.0315,78.192076,42988.79854,1250936.997
1588982400,53697413,254731.5607,76.886946,42815.70473,1113527.715
1588896000,49639173,235111.8884,72.327376,42444.8483,874517.2095
1588809600,47830139,240679.0067,73.971695,42400.17071,833289.5264
1588723200,44573440,217134.8402,68.280354,41937.79473,479275.081
1588636800,44651782,215646.5855,67.613305,38062.18373,673607.2197
1588550400,43755542,207933.9543,58.07131,37413.83514,377879.8161
1588464000,45044515,211218.7705,61.806826,39256.31294,577986.4713
1588377600,45584737,214314.7015,61.637522,39543.544,324875.8839
1588291200,44596707,215682.6764,61.82359,38935.05545,570158.476
1588204800,46076719,214519.8519,61.706543,37997.75758,535508.5375
1588118400,44286581,225675.6064,59.222048,37386.01427,782265.4511
1588032000,40580038,206893.2293,59.505969,34366.93532,713825.8733
1587945600,41577350,211600.3359,56.570679,34345.66957,745120.7084
1587859200,40395846,207968.7294,54.970679,33832.0289,560195.6597
1587772800,39960277,213326.2706,54.966817,33649.10919,851862.0375
1587686400,39143810,211519.5612,54.963814,34906.52964,564590.5445
1587600000,42343073,230250.5329,54.957114,36482.51179,304216.0872
1587513600,41763476,240767.1855,55.168485,36313.95234,192177.462
1587427200,47752942,275328.3095,55.165876,36857.6483,209278.6369
1587340800,50785438,278673.3867,54.28363,36972.75027,515142.0852
1587254400,46543743,245963.8694,48.654069,39991.63552,871418.5827
1587168000,44004125,254830.4668,49.096123,39966.71481,1070823.738
1587081600,44021214,253636.8633,48.319082,40088.70161,1069164.275
1586995200,38939832,249071.4596,47.604882,39930.05096,968289.5071
1586908800,39688173,246021.4047,47.424486,39089.72402,975281.0438
1586822400,39734267,252361.175,47.198229,39133.76394,903244.4166
1586736000,40690350,255175.9062,46.88015,39086.78089,924327.9145
1586649600,40092788,250940.6522,46.356893,38796.80247,966531.6773
1586563200,38837334,245340.0758,46.756893,38566.65277,989219.5736
1586476800,41238721,242238.7277,46.808216,38002.10097,1117588.957
1586390400,39504635,227928.8888,46.574117,38070.80923,999789.9613
1586304000,36939761,223795.959,55.007489,37213.09274,1027698.171
1586217600,35078900,204446.3224,55.09579,36225.79968,630796.9787
1586131200,32846185,228352.2316,55.467702,36179.2474,476325.8595
1586044800,33030652,227923.3508,55.067702,36027.14481,472425.2332
1585958400,32808992,231489.3953,54.960841,35779.65737,447237.7452
1585872000,32460303,228819.2796,60.110841,35784.7895,427667.3101
1585785600,31887349,233658.3059,60.210841,35341.3555,418459.1916
1585699200,31533983,234470.838,60.110841,39268.93243,415468.6818
1585612800,31354589,235855.1903,62.707291,39225.54757,403589.9606
1585526400,29901248,236879.0937,62.707291,39943.40868,394090.8868
1585440000,31214788,235636.6574,62.72538,39963.21495,388823.4703
1585353600,32221566,242103.584,62.728774,40482.87089,420629.8854
1585267200,31587435,225254.4748,62.809269,36576.21512,456556.6127
1585180800,30548029,222377.7317,62.355169,36765.14852,308077.8739
1585094400,31701437,226600.6934,54.680155,36359.27215,223949.2809
1585008000,30908311,224853.1282,51.514129,36156.96468,241363.0459
1584921600,28741584,231656.1941,51.553902,36130.9149,240992.1323
1584835200,31419410,235210.4357,51.511965,35959.93898,248062.2963
1584748800,30770973,229668.4057,54.666144,36054.65333,196209.1504
1584662400,30266655,220185.1811,53.759344,36025.44536,117656.3567
1584576000,26517680,221368.0608,51.870614,35534.40954,229168.4868
1584489600,25453648,218242.7163,51.108705,35549.01274,127796.1479
1584403200,25668055,228709.3914,47.165704,42254.28092,101320.2015
1584316800,27957240,221724.4825,29.824538,41917.76763,188268.7884
1584230400,26207178,211194.923,32.312201,34645.37577,176355.8813
1584144000,26559741,195335.3019,32.357568,33759.55125,127494.8614
1584057600,23303732,213169.8866,37.902594,33323.20726,69575.86234
1583971200,29250334,148690.1891,29.479686,28438.50589,165400.9156
1583884800,29534575,146131.1909,29.906112,28694.46058,448571.0551
1583798400,28331477,138920.6482,27.937212,28577.95611,351430.1514
1583712000,28404990,140967.6923,25.643198,28098.3508,943857.0267
1583625600,25029038,104027.5894,25.500012,28044.20961,213434.4228
1583539200,25837898,104564.5407,25.72619,27842.5224,262390.3537
1583452800,25152246,109338.5759,25.706755,27737.74828,785349.6234
1583366400,23906774,105075.4835,25.378875,27912.72633,883293.6172
1583280000,24216240,107255.9128,22.207506,27889.28499,198396.0962
1583193600,23108558,98623.86582,22.454663,27858.65496,211909.8492
1583107200,22651918,102437.1094,22.089454,28381.20758,193799.8805
1583020800,22630631,101701.5594,21.63603,28038.20494,154068.0128
1582934400,22617766,98427.98207,21.022688,27697.12641,167773.2805
1582848000,21800430,94743.28553,20.670655,23653.17889,209988.3834
1582761600,21129961,93840.03642,19.669854,23399.66571,204412.9475
1582675200,18461674,74316.37549,20.340026,22899.60275,192358.3697
1582588800,19035519,71230.05164,20.015449,23602.40654,183894.5313
1582502400,18984203,68940.70886,18.723868,23531.48132,188156.3946
1582416000,18167882,68591.69404,18.635399,24478.00225,201447.1861
1582329600,18198197,68191.24293,18.428658,25002.22636,192184.8799
1582243200,17875699,69116.88126,15.293479,26263.58663,184379.1048
1582156800,17432688,67115.91592,13.870854,24536.39993,144173.5105
1582070400,18281861,64737.46813,13.846338,25784.95322,206700.3375
1581984000,17216664,64318.08129,13.42757,25505.20592,167145.6774
1581897600,17041618,65749.51966,22.765588,25179.05767,153536.9102
1581811200,17017360,64255.24845,15.19683,24902.66792,136335.231
1581724800,17332952,60715.1184,19.037943,24917.71068,155711.3147
1581638400,13969696,52092.68747,17.999617,20117.86516,129667.5862
1581552000,14322013,53894.8333,18.186569,19649.56968,122451.3476
1581465600,13276505,55997.74347,16.55909,19330.09881,164013.4561
1581379200,12531966,56288.02551,16.394828,19479.66589,101335.6443
1581292800,12222564,53560.75372,15.948034,19020.62451,92043.40295
1581206400,11620994,52119.09225,16.691305,19822.25982,98367.5622
1581120000,11588732,51993.05487,24.977307,19930.84914,97795.0935
1581033600,10377338,48763.39458,24.177319,19778.51038,79629.18749
1580947200,9888107,48535.35071,23.695422,19185.15722,84153.67171
1580860800,9001032,47601.84039,22.167978,19206.34112,83547.10612
1580774400,8658942,45657.48484,21.932581,19028.15914,81640.68695
1580688000,8259838,43844.3548,20.542836,18860.48844,66955.0002
1580601600,7779524,42397.53665,19.84593,18665.56822,69114.15215
1580515200,7428637,41346.00657,17.098343,18600.7591,66261.30332
1580428800,7322673,39719.42395,16.987893,17300.39949,59181.21717
1580342400,6868357,39527.83725,17.09667,16577.9128,72291.64343
1580256000,6849349,39005.40433,16.780128,18485.36529,58973.32229
1580169600,6494324,38224.39082,16.437142,17952.21732,54716.68902
1580083200,6225580,37017.36235,10.90994,17791.2431,46275.84583
1579996800,5857478,36168.4347,10.886683,16843.19395,49754.65395
1579910400,5881962,35997.31946,10.538519,16787.56132,39351.37128
1579824000,5667306,34709.12543,10.561074,15642.38879,68655.46191
1579737600,5785449,34201.04635,10.559257,15813.84115,94857.4249
1579651200,5571047,32873.35222,13.461574,16717.37865,115291.7003
1579564800,4789134,28644.85914,10.802843,16287.95947,68608.24116
1579478400,4717132,28195.64854,10.761041,15680.66595,85305.452
1579392000,4539877,26026.92771,10.54464,13759.77379,63915.42022
1579305600,4367609,25719.04958,10.634069,13482.91901,31636.22224
1579219200,4174791,25386.38492,9.501921,13454.31838,34807.76228
1579132800,3991675,24011.51949,7.645568,12463.47808,26423.39112
1579046400,3817565,23018.17908,6.891001,11337.70493,24951.83831
1578960000,3540411,24533.3726,5.020165,11799.34108,20767.18768
1578873600,2691142,18308.3339,4.844115,11686.3135,31069.13058
1578787200,2601567,18194.04853,3.794598,11656.56843,20675.72289
1578700800,2372804,16330.37853,1.070432,11656.46212,10474.95653
1578614400,1901511,13739.24133,0.502277,10746.02072,7089.07496
1578528000,1775922,12596.08483,0,10513.03076,2055.66912
1578441600,1536710,10731.96452,0,10407.24826,
1578355200,1536575,10614.63802,0,10407.24826,