date,users
2018.9.26 0:00,12
2018.9.27 0:00,70
2018.9.28 0:00,158
2018.9.29 0:00,198
2018.9.30 0:00,227
2018.10.1 0:00,245
2018.10.2 0:00,258
2018.10.3 0:00,275
2018.10.4 0:00,287
2018.10.5 0:00,294
2018.10.6 0:00,301
2018.10.7 0:00,311
2018.10.8 0:00,326
2018.10.9 0:00,335
2018.10.10 0:00,346
2018.10.11 0:00,354
2018.10.12 0:00,360
2018.10.13 0:00,370
2018.10.14 0:00,375
2018.10.15 0:00,384
2018.10.16 0:00,394
2018.10.17 0:00,419
2018.10.18 0:00,436
2018.10.19 0:00,446
2018.10.20 0:00,454
2018.10.21 0:00,461
2018.10.22 0:00,468
2018.10.23 0:00,477
2018.10.24 0:00,484
2018.10.25 0:00,493
2018.10.26 0:00,524
2018.10.27 0:00,537
2018.10.28 0:00,552
2018.10.29 0:00,558
2018.10.30 0:00,563
2018.10.31 0:00,569
2018.11.1 0:00,572
2018.11.2 0:00,577
2018.11.3 0:00,582
2018.11.4 0:00,586
2018.11.5 0:00,593
2018.11.6 0:00,614
2018.11.7 0:00,727
2018.11.8 0:00,733
2018.11.9 0:00,737
2018.11.10 0:00,744
2018.11.11 0:00,749
2018.11.12 0:00,755
2018.11.13 0:00,760
2018.11.14 0:00,765
2018.11.15 0:00,769
2018.11.16 0:00,772
2018.11.17 0:00,774
2018.11.18 0:00,776
2018.11.20 0:00,791
2018.11.21 0:00,822
2018.11.22 0:00,837
2018.11.23 0:00,850
2018.11.24 0:00,865
2018.11.25 0:00,883
2018.11.26 0:00,893
2018.11.27 0:00,913
2018.11.28 0:00,930
2018.11.29 0:00,943
2018.11.30 0:00,951
2018.12.1 0:00,984
2018.12.2 0:00,1024
2018.12.3 0:00,1077
2018.12.4 0:00,1140
2018.12.5 0:00,1195
2018.12.6 0:00,1252
2018.12.7 0:00,1299
2018.12.8 0:00,1321
2018.12.9 0:00,1331
2018.12.10 0:00,1339
2018.12.11 0:00,1350
2018.12.12 0:00,1360
2018.12.13 0:00,1370
2018.12.14 0:00,1376
2018.12.15 0:00,1388
2018.12.16 0:00,1399
2018.12.17 0:00,1422
2018.12.18 0:00,1433
2018.12.19 0:00,1450
2018.12.20 0:00,1463
2018.12.21 0:00,1486
2018.12.22 0:00,1499
2018.12.23 0:00,1505
2018.12.24 0:00,1520
2018.12.25 0:00,1530
2018.12.26 0:00,1540
2018.12.27 0:00,1550
2018.12.28 0:00,1564
2018.12.29 0:00,1575
2018.12.30 0:00,1580
2018.12.31 0:00,1587
2019.1.1 0:00,1594
2019.1.2 0:00,1607
2019.1.3 0:00,1617
2019.1.4 0:00,1629
2019.1.5 0:00,1639
2019.1.6 0:00,1658
2019.1.7 0:00,1669
2019.1.8 0:00,1673
2019.1.9 0:00,1695
2019.1.10 0:00,1712
2019.1.11 0:00,1719
2019.1.12 0:00,1728
2019.1.13 0:00,1755
2019.1.14 0:00,1765
2019.1.15 0:00,1795
2019.1.16 0:00,1828
2019.1.17 0:00,1860
2019.1.18 0:00,1882
2019.1.19 0:00,1896
2019.1.20 0:00,1920
2019.1.21 0:00,1930
2019.1.22 0:00,1941
2019.1.23 0:00,1958
2019.1.24 0:00,1976
2019.1.25 0:00,1989
2019.1.26 0:00,2000
2019.1.27 0:00,2012
2019.1.28 0:00,2026
2019.1.29 0:00,2045
2019.1.30 0:00,2068
2019.1.31 0:00,2108
2019.2.1 0:00,2123
2019.2.2 0:00,2135
2019.2.3 0:00,2150
2019.2.4 0:00,2163
2019.2.5 0:00,2177
2019.2.6 0:00,2189
2019.2.7 0:00,2202
2019.2.8 0:00,2223
2019.2.9 0:00,2237
2019.2.10 0:00,2249
2019.2.11 0:00,2260
2019.2.12 0:00,2276
2019.2.13 0:00,2284
2019.2.14 0:00,2294
2019.2.15 0:00,2305
2019.2.16 0:00,2315
2019.2.17 0:00,2319
2019.2.18 0:00,2332
2019.2.19 0:00,2347
2019.2.20 0:00,2361
2019.2.21 0:00,2374
2019.2.22 0:00,2384
2019.2.23 0:00,2398
2019.2.24 0:00,2410
2019.2.25 0:00,2421
2019.2.26 0:00,2431
2019.2.27 0:00,2450
2019.2.28 0:00,2465
2019.3.1 0:00,2474
2019.3.2 0:00,2491
2019.3.3 0:00,2506
2019.3.4 0:00,2519
2019.3.5 0:00,2530
2019.3.6 0:00,2551
2019.3.7 0:00,2560
2019.3.8 0:00,2573
2019.3.9 0:00,2583
2019.3.10 0:00,2590
2019.3.11 0:00,2607
2019.3.12 0:00,2617
2019.3.13 0:00,2633
2019.3.14 0:00,2644
2019.3.15 0:00,2655
2019.3.16 0:00,2669
2019.3.17 0:00,2683
2019.3.18 0:00,2694
2019.3.19 0:00,2719
2019.3.20 0:00,2731
2019.3.21 0:00,2749
2019.3.22 0:00,2757
2019.3.23 0:00,2785
2019.3.24 0:00,2800
2019.3.25 0:00,2813
2019.3.26 0:00,2822
2019.3.27 0:00,2844
2019.3.28 0:00,2861
2019.3.29 0:00,2876
2019.3.30 0:00,2901
2019.3.31 0:00,2920
2019.4.1 0:00,2936
2019.4.2 0:00,2952
2019.4.3 0:00,2974
2019.4.4 0:00,2987
2019.4.5 0:00,2999
2019.4.6 0:00,3015
2019.4.7 0:00,3033
2019.4.8 0:00,3055
2019.4.9 0:00,3080
2019.4.10 0:00,3100
2019.4.11 0:00,3131
2019.4.12 0:00,3154
2019.4.13 0:00,3173
2019.4.14 0:00,3189
2019.4.15 0:00,3209
2019.4.16 0:00,3236
2019.4.17 0:00,3273
2019.4.18 0:00,3299
2019.4.19 0:00,3324
2019.4.20 0:00,3333
2019.4.21 0:00,3348
2019.4.22 0:00,3358
2019.4.23 0:00,3368
2019.4.24 0:00,3389
2019.4.25 0:00,3408
2019.4.26 0:00,3432
2019.4.27 0:00,3449
2019.4.28 0:00,3463
2019.4.29 0:00,3480
2019.4.30 0:00,3498
2019.5.1 0:00,3522
2019.5.2 0:00,3548
2019.5.3 0:00,3579
2019.5.4 0:00,3604
2019.5.5 0:00,3622
2019.5.6 0:00,3649
2019.5.7 0:00,3666
2019.5.8 0:00,3684
2019.5.9 0:00,3714
2019.5.10 0:00,3731
2019.5.11 0:00,3754
2019.5.12 0:00,3772
2019.5.13 0:00,3789
2019.5.14 0:00,3810
2019.5.15 0:00,3840
2019.5.16 0:00,3858
2019.5.17 0:00,3880
2019.5.18 0:00,3893
2019.5.19 0:00,3908
2019.5.20 0:00,3930
2019.5.21 0:00,3968
2019.5.22 0:00,4003
2019.5.23 0:00,4066
2019.5.24 0:00,4127
2019.5.25 0:00,4188
2019.5.26 0:00,4221
2019.5.27 0:00,4260
2019.5.28 0:00,4327
2019.5.29 0:00,4373
2019.5.30 0:00,4425
2019.5.31 0:00,4477
2019.6.1 0:00,4509
2019.6.2 0:00,4552
2019.6.3 0:00,4601
2019.6.4 0:00,4650
2019.6.5 0:00,4697
2019.6.6 0:00,4740
2019.6.7 0:00,4790
2019.6.8 0:00,4819
2019.6.9 0:00,4858
2019.6.10 0:00,4894
2019.6.11 0:00,4949
2019.6.12 0:00,4996
2019.6.13 0:00,5053
2019.6.14 0:00,5102
2019.6.15 0:00,5141
2019.6.16 0:00,5178
2019.6.17 0:00,5220
2019.6.18 0:00,5254
2019.6.19 0:00,5305
2019.6.20 0:00,5341
2019.6.21 0:00,5397
2019.6.22 0:00,5451
2019.6.23 0:00,5496
2019.6.24 0:00,5561
2019.6.25 0:00,5639
2019.6.26 0:00,5736
2019.6.27 0:00,5797
2019.6.28 0:00,5838
2019.6.29 0:00,5887
2019.6.30 0:00,5935
2019.7.1 0:00,5972
2019.7.2 0:00,6010
2019.7.3 0:00,6058
2019.7.4 0:00,6102
2019.7.5 0:00,6137
2019.7.6 0:00,6177
2019.7.7 0:00,6218
2019.7.8 0:00,6261
2019.7.9 0:00,6337
2019.7.10 0:00,6400
2019.7.11 0:00,6454
2019.7.12 0:00,6517
2019.7.13 0:00,6580
2019.7.14 0:00,6655
2019.7.15 0:00,6791
2019.7.16 0:00,6859
2019.7.17 0:00,6959
2019.7.18 0:00,7048
2019.7.19 0:00,7135
2019.7.20 0:00,7248
2019.7.21 0:00,7330
2019.7.22 0:00,7392
2019.7.23 0:00,7493
2019.7.24 0:00,7594
2019.7.25 0:00,7701
2019.7.26 0:00,7868
2019.7.27 0:00,8063
2019.7.28 0:00,8255
2019.7.29 0:00,8444
2019.7.30 0:00,8641
2019.7.31 0:00,8827
2019.8.1 0:00,9059
2019.8.2 0:00,9289
2019.8.3 0:00,9489
2019.8.4 0:00,9660
2019.8.5 0:00,9829
2019.8.6 0:00,10033
2019.8.7 0:00,10269
2019.8.8 0:00,10453
2019.8.9 0:00,10604
2019.8.10 0:00,10751
2019.8.11 0:00,10883
2019.8.12 0:00,11030
2019.8.13 0:00,11219
2019.8.14 0:00,11347
2019.8.15 0:00,11509
2019.8.16 0:00,11682
2019.8.17 0:00,11826
2019.8.18 0:00,11936
2019.8.19 0:00,12051
2019.8.20 0:00,12173
2019.8.21 0:00,12333
2019.8.22 0:00,12478
2019.8.23 0:00,12587
2019.8.24 0:00,12709
2019.8.25 0:00,12785
2019.8.26 0:00,12887
2019.8.27 0:00,12984
2019.8.28 0:00,13111
2019.8.29 0:00,13307
2019.8.30 0:00,13475
2019.8.31 0:00,13576
2019.9.1 0:00,13656
2019.9.2 0:00,13759
2019.9.3 0:00,13871
2019.9.4 0:00,13967
2019.9.5 0:00,14059
2019.9.6 0:00,14176
2019.9.7 0:00,14250
2019.9.8 0:00,14325
2019.9.9 0:00,14391
2019.9.10 0:00,14458
2019.9.11 0:00,14525
2019.9.12 0:00,14628
2019.9.13 0:00,14735
2019.9.14 0:00,14812
2019.9.15 0:00,14864
2019.9.16 0:00,14938
2019.9.17 0:00,15028
2019.9.18 0:00,15125
2019.9.19 0:00,15188
2019.9.20 0:00,15254
2019.9.21 0:00,15318
2019.9.22 0:00,15380
2019.9.23 0:00,15443
2019.9.24 0:00,15496
2019.9.25 0:00,15570
2019.9.26 0:00,15621
2019.9.27 0:00,15693
2019.9.28 0:00,15751
2019.9.29 0:00,15816
2019.9.30 0:00,15884
2019.10.1 0:00,15959
2019.10.2 0:00,16042
2019.10.3 0:00,16132
2019.10.4 0:00,16255
2019.10.5 0:00,16311
2019.10.6 0:00,16377
2019.10.7 0:00,16473
2019.10.8 0:00,16576
2019.10.9 0:00,16693
2019.10.10 0:00,16823
2019.10.11 0:00,16946
2019.10.12 0:00,17034
2019.10.13 0:00,17137
2019.10.14 0:00,17300
2019.10.15 0:00,17416
2019.10.16 0:00,17550
2019.10.17 0:00,17686
2019.10.18 0:00,17829
2019.10.19 0:00,17937
2019.10.20 0:00,18025
2019.10.21 0:00,18121
2019.10.22 0:00,18217
2019.10.23 0:00,18375
2019.10.24 0:00,18497
2019.10.25 0:00,18598
2019.10.26 0:00,18705
2019.10.27 0:00,18803
2019.10.28 0:00,18878
2019.10.29 0:00,18975
2019.10.30 0:00,19063
2019.10.31 0:00,19145
2019.11.1 0:00,19237
2019.11.2 0:00,19315
2019.11.3 0:00,19382
2019.11.4 0:00,19451
2019.11.5 0:00,19530
2019.11.6 0:00,19597
2019.11.7 0:00,19646
2019.11.8 0:00,19720
2019.11.9 0:00,19788
2019.11.10 0:00,19830
2019.11.11 0:00,19889
2019.11.12 0:00,19942
2019.11.13 0:00,19998
2019.11.14 0:00,20073
2019.11.15 0:00,20159
2019.11.16 0:00,20228
2019.11.17 0:00,20290
2019.11.18 0:00,20377
2019.11.19 0:00,20453
2019.11.20 0:00,20525
2019.11.21 0:00,20588
2019.11.22 0:00,20639
2019.11.23 0:00,20679
2019.11.24 0:00,20722
2019.11.25 0:00,20767
2019.11.26 0:00,20833
2019.11.27 0:00,20894
2019.11.28 0:00,20941
2019.11.29 0:00,20983
2019.11.30 0:00,21015
2019.12.1 0:00,21048
2019.12.2 0:00,21087
2019.12.3 0:00,21134
2019.12.4 0:00,21170
2019.12.5 0:00,21205
2019.12.6 0:00,21241
2019.12.7 0:00,21278
2019.12.8 0:00,21303
2019.12.9 0:00,21348
2019.12.10 0:00,21391
2019.12.11 0:00,21483
2019.12.12 0:00,21512
2019.12.13 0:00,21555
2019.12.14 0:00,21585
2019.12.15 0:00,21611
2019.12.16 0:00,21887
2019.12.17 0:00,21944
2019.12.18 0:00,21984
2019.12.19 0:00,22014
2019.12.20 0:00,22042
2019.12.21 0:00,22054
2019.12.22 0:00,22080
2019.12.23 0:00,22109
2019.12.24 0:00,22149
2019.12.25 0:00,22180
2019.12.26 0:00,22210
2019.12.27 0:00,22237
2019.12.28 0:00,22264
2019.12.29 0:00,22299
2019.12.30 0:00,22318
2019.12.31 0:00,22347
2020.1.1 0:00,22378
2020.1.2 0:00,22405
2020.1.3 0:00,22443
2020.1.4 0:00,22469
2020.1.5 0:00,22517
2020.1.6 0:00,22559
2020.1.7 0:00,22601
2020.1.8 0:00,22639
2020.1.9 0:00,22672
2020.1.10 0:00,22716
2020.1.11 0:00,22757
2020.1.12 0:00,22795
2020.1.13 0:00,22849
2020.1.14 0:00,22888
2020.1.15 0:00,22941
2020.1.16 0:00,22980
2020.1.17 0:00,23018
2020.1.18 0:00,23061
2020.1.19 0:00,23095
2020.1.20 0:00,23147
2020.1.21 0:00,23188
2020.1.22 0:00,23224
2020.1.23 0:00,23262
2020.1.24 0:00,23299
2020.1.25 0:00,23324
2020.1.26 0:00,23349
2020.1.27 0:00,23391
2020.1.28 0:00,23443
2020.1.29 0:00,23490
2020.1.30 0:00,23540
2020.1.31 0:00,23577
2020.2.1 0:00,23616
2020.2.2 0:00,23654
2020.2.3 0:00,23697
2020.2.4 0:00,23762
2020.2.5 0:00,23797
2020.2.6 0:00,23864
2020.2.7 0:00,23922
2020.2.8 0:00,23979
2020.2.9 0:00,24035
2020.2.10 0:00,24094
2020.2.11 0:00,24165
2020.2.12 0:00,24257
2020.2.13 0:00,24330
2020.2.14 0:00,24401
2020.2.15 0:00,24484
2020.2.16 0:00,24561
2020.2.17 0:00,24614
2020.2.18 0:00,24688
2020.2.19 0:00,24747
2020.2.20 0:00,24809
2020.2.21 0:00,24857
2020.2.22 0:00,24903
2020.2.23 0:00,24957
2020.2.24 0:00,25009
2020.2.25 0:00,25057
2020.2.26 0:00,25116
2020.2.27 0:00,25164
2020.2.28 0:00,25213
2020.2.29 0:00,25251
2020.3.1 0:00,25297
2020.3.2 0:00,25337
2020.3.3 0:00,25387
2020.3.4 0:00,25435
2020.3.5 0:00,25477
2020.3.6 0:00,25526
2020.3.7 0:00,25569
2020.3.8 0:00,25609
2020.3.9 0:00,25648
2020.3.10 0:00,25696
2020.3.11 0:00,25739
2020.3.12 0:00,25783
2020.3.13 0:00,25825
2020.3.14 0:00,25868
2020.3.15 0:00,25922
2020.3.16 0:00,25962
2020.3.17 0:00,26012
2020.3.18 0:00,26057
2020.3.19 0:00,26092
2020.3.20 0:00,26132
2020.3.21 0:00,26159
2020.3.22 0:00,26183
2020.3.23 0:00,26213
2020.3.24 0:00,26235
2020.3.25 0:00,26288
2020.3.26 0:00,26377
2020.3.27 0:00,26446
2020.3.28 0:00,26481
2020.3.29 0:00,26512
2020.3.30 0:00,26541
2020.3.31 0:00,26563
2020.4.1 0:00,26597
2020.4.2 0:00,26631
2020.4.3 0:00,26678
2020.4.4 0:00,26702
2020.4.5 0:00,26729
2020.4.6 0:00,26786
2020.4.7 0:00,26831
2020.4.8 0:00,26878
2020.4.9 0:00,26920
2020.4.10 0:00,26958
2020.4.11 0:00,26999
2020.4.12 0:00,27032
2020.4.13 0:00,27063
2020.4.14 0:00,27093
2020.4.15 0:00,27127
2020.4.16 0:00,27159
2020.4.17 0:00,27195
2020.4.18 0:00,27235
2020.4.19 0:00,27276
2020.4.20 0:00,27311
2020.4.21 0:00,27347
2020.4.22 0:00,27389
2020.4.23 0:00,27440
2020.4.24 0:00,27509
2020.4.25 0:00,27544
2020.4.26 0:00,27592
2020.4.27 0:00,27618
2020.4.28 0:00,27657
2020.4.29 0:00,27686
2020.4.30 0:00,27731
2020.5.1 0:00,27784
2020.5.2 0:00,27844
2020.5.3 0:00,27878
2020.5.4 0:00,27928
2020.5.5 0:00,27988
2020.5.6 0:00,28034
2020.5.7 0:00,28088
2020.5.8 0:00,28175
2020.5.9 0:00,28274
2020.5.10 0:00,28390
2020.5.11 0:00,28477
2020.5.12 0:00,28527
2020.5.13 0:00,28574
2020.5.14 0:00,28622
2020.5.15 0:00,28657
2020.5.16 0:00,28706
2020.5.17 0:00,28755
2020.5.18 0:00,28800
2020.5.19 0:00,28855
2020.5.20 0:00,28926
2020.5.21 0:00,28970
2020.5.22 0:00,29031
2020.5.23 0:00,29086
2020.5.24 0:00,29112
2020.5.25 0:00,29150
2020.5.26 0:00,29183
2020.5.27 0:00,29219
2020.5.28 0:00,29252
2020.5.29 0:00,29297
2020.5.30 0:00,29345
2020.5.31 0:00,29392
2020.6.1 0:00,29427
2020.6.2 0:00,29464
2020.6.3 0:00,29513
2020.6.4 0:00,29561
2020.6.5 0:00,29616
2020.6.6 0:00,29649
2020.6.7 0:00,29695
2020.6.8 0:00,29742
2020.6.9 0:00,29776
2020.6.10 0:00,29821
2020.6.11 0:00,29920
2020.6.12 0:00,29999
2020.6.13 0:00,30057
2020.6.14 0:00,30144
2020.6.15 0:00,30303
2020.6.16 0:00,30740
2020.6.17 0:00,31051
2020.6.18 0:00,31303
2020.6.19 0:00,31655
2020.6.20 0:00,32702
2020.6.21 0:00,34031
2020.6.22 0:00,34906
2020.6.23 0:00,35704
2020.6.24 0:00,36443
2020.6.25 0:00,37094
2020.6.26 0:00,37766
2020.6.27 0:00,38445
2020.6.28 0:00,38935
2020.6.29 0:00,39294
2020.6.30 0:00,39708
2020.7.1 0:00,40112
2020.7.2 0:00,40561
2020.7.3 0:00,40867
2020.7.4 0:00,41116
2020.7.5 0:00,41380
2020.7.6 0:00,41614
2020.7.7 0:00,41872
2020.7.8 0:00,42104
2020.7.9 0:00,42302
2020.7.10 0:00,42490
2020.7.11 0:00,42692
2020.7.12 0:00,42846
2020.7.13 0:00,43031
2020.7.14 0:00,43231
2020.7.15 0:00,43402
2020.7.16 0:00,43559
2020.7.17 0:00,43713
2020.7.18 0:00,43868
2020.7.19 0:00,44001
2020.7.20 0:00,44136
2020.7.21 0:00,44239
2020.7.22 0:00,44345
2020.7.23 0:00,44463
2020.7.24 0:00,44585
2020.7.25 0:00,44705
2020.7.26 0:00,44857
2020.7.27 0:00,44972
2020.7.28 0:00,45110
2020.7.29 0:00,45217
2020.7.30 0:00,45320
2020.7.31 0:00,45424
2020.8.1 0:00,45574
2020.8.2 0:00,45681
2020.8.3 0:00,45790
2020.8.4 0:00,45921
2020.8.5 0:00,46051
2020.8.6 0:00,46171
2020.8.7 0:00,46262
2020.8.8 0:00,46373
2020.8.9 0:00,46465
2020.8.10 0:00,46551
2020.8.11 0:00,46643
2020.8.12 0:00,46707
2020.8.13 0:00,46803
2020.8.14 0:00,46910
2020.8.15 0:00,47053
2020.8.16 0:00,47226
2020.8.17 0:00,47350
2020.8.18 0:00,47472
2020.8.19 0:00,47559
2020.8.20 0:00,47671
2020.8.21 0:00,47762
2020.8.22 0:00,47861
2020.8.23 0:00,47953
2020.8.24 0:00,48046
2020.8.25 0:00,48144
2020.8.26 0:00,48232
2020.8.27 0:00,48333
2020.8.28 0:00,48439
2020.8.29 0:00,48537
2020.8.30 0:00,48627
2020.8.31 0:00,48715
2020.9.1 0:00,48774
2020.9.2 0:00,48840
2020.9.3 0:00,48904
2020.9.4 0:00,48983
2020.9.5 0:00,49065
2020.9.6 0:00,49177
2020.9.7 0:00,49285
2020.9.8 0:00,49389
2020.9.9 0:00,49453
2020.9.10 0:00,49512
2020.9.11 0:00,49585
2020.9.12 0:00,49672
2020.9.13 0:00,49760
2020.9.14 0:00,49863
2020.9.15 0:00,49969
2020.9.16 0:00,50077
2020.9.17 0:00,50117
2020.9.18 0:00,50191
2020.9.19 0:00,50296
2020.9.20 0:00,50403
2020.9.21 0:00,50475
2020.9.22 0:00,50540
2020.9.23 0:00,50600
2020.9.24 0:00,50684
2020.9.25 0:00,50780
2020.9.26 0:00,50863
2020.9.27 0:00,50939
2020.9.28 0:00,50987
2020.9.29 0:00,51028
2020.9.30 0:00,51075
2020.10.1 0:00,51143
2020.10.2 0:00,51201
2020.10.3 0:00,51259
2020.10.4 0:00,51336
2020.10.5 0:00,51404
2020.10.6 0:00,51467
2020.10.7 0:00,51516
2020.10.8 0:00,51571
2020.10.9 0:00,51639
2020.10.10 0:00,51717
2020.10.11 0:00,51788
2020.10.12 0:00,51852
2020.10.13 0:00,51918
2020.10.14 0:00,52035
2020.10.15 0:00,60687
2020.10.16 0:00,67345
2020.10.17 0:00,72079
2020.10.18 0:00,72444
2020.10.19 0:00,73165
2020.10.20 0:00,75733
2020.10.21 0:00,81348
2020.10.22 0:00,86921
2020.10.23 0:00,91057
2020.10.24 0:00,95152
2020.10.25 0:00,98965
2020.10.26 0:00,102259
2020.10.27 0:00,106063
2020.10.28 0:00,110059
2020.10.29 0:00,114733
2020.10.30 0:00,119766
2020.10.31 0:00,126285
2020.11.1 0:00,132257
2020.11.2 0:00,137493
2020.11.3 0:00,144103
2020.11.4 0:00,149580
2020.11.5 0:00,154425
2020.11.6 0:00,158942
2020.11.7 0:00,164164
2020.11.8 0:00,171394
2020.11.9 0:00,176928
2020.11.10 0:00,181868
2020.11.11 0:00,186570
2020.11.12 0:00,190910
2020.11.13 0:00,195226
2020.11.14 0:00,199877
2020.11.15 0:00,202587
2020.11.16 0:00,205091
2020.11.17 0:00,210458
2020.11.18 0:00,215424
2020.11.19 0:00,220968
2020.11.20 0:00,227662
2020.11.21 0:00,235041
2020.11.22 0:00,242489
2020.11.23 0:00,244145
2020.11.24 0:00,244587
2020.11.25 0:00,250845
2020.11.26 0:00,251156
2020.11.27 0:00,251615
2020.11.28 0:00,252174
2020.11.29 0:00,252747
2020.11.30 0:00,253076
2020.12.1 0:00,253363
2020.12.2 0:00,253560
2020.12.3 0:00,253745
2020.12.4 0:00,253905
2020.12.5 0:00,254072
2020.12.6 0:00,254226
2020.12.7 0:00,254354
2020.12.8 0:00,254477
2020.12.9 0:00,254585
2020.12.10 0:00,254856
2020.12.11 0:00,257293
2020.12.12 0:00,267278
2020.12.13 0:00,277943
2020.12.14 0:00,286588
2020.12.15 0:00,290993
2020.12.16 0:00,295447
2020.12.17 0:00,297028
2020.12.18 0:00,297744
2020.12.19 0:00,298335
2020.12.20 0:00,298781
2020.12.21 0:00,299017
2020.12.22 0:00,299228
2020.12.23 0:00,299324
2020.12.24 0:00,299456
2020.12.25 0:00,299612
2020.12.26 0:00,299807
2020.12.27 0:00,299970
2020.12.28 0:00,300120
2020.12.29 0:00,300257
2020.12.30 0:00,300414
2020.12.31 0:00,300558
2021.1.1 0:00,300749
2021.1.2 0:00,300891
2021.1.3 0:00,301025
2021.1.4 0:00,301121
2021.1.5 0:00,301235
2021.1.6 0:00,301364
2021.1.7 0:00,301496
2021.1.8 0:00,301625
2021.1.9 0:00,301768
2021.1.10 0:00,301951
2021.1.11 0:00,302041
2021.1.12 0:00,302233
2021.1.13 0:00,302414
2021.1.14 0:00,302594
2021.1.15 0:00,302769
2021.1.16 0:00,302956
2021.1.17 0:00,303116
2021.1.18 0:00,303272
2021.1.19 0:00,303417
2021.1.20 0:00,303620
2021.1.21 0:00,303754
2021.1.22 0:00,303892
2021.1.23 0:00,304063
2021.1.24 0:00,304206
2021.1.25 0:00,304349
2021.1.26 0:00,304520
2021.1.27 0:00,304631
2021.1.28 0:00,304762
2021.1.29 0:00,304868
2021.1.30 0:00,305019
2021.1.31 0:00,305178
2021.2.1 0:00,305302
2021.2.2 0:00,305439
2021.2.3 0:00,305573
2021.2.4 0:00,305687
2021.2.5 0:00,305791
2021.2.6 0:00,305961
2021.2.7 0:00,306096
2021.2.8 0:00,306230
2021.2.9 0:00,306365
2021.2.10 0:00,306483
2021.2.11 0:00,306642
2021.2.12 0:00,306773
2021.2.13 0:00,306901
2021.2.14 0:00,307030
2021.2.15 0:00,307125
2021.2.16 0:00,307245
2021.2.17 0:00,307396
2021.2.18 0:00,307580
2021.2.19 0:00,307725
2021.2.20 0:00,307875
2021.2.21 0:00,308045
2021.2.22 0:00,308136
2021.2.23 0:00,308203
2021.2.24 0:00,308287
2021.2.25 0:00,308416
2021.2.26 0:00,308518
2021.2.27 0:00,308623
2021.2.28 0:00,308731
2021.3.1 0:00,308825
2021.3.2 0:00,308926
2021.3.3 0:00,309047
2021.3.4 0:00,309172
2021.3.5 0:00,309247
2021.3.6 0:00,309339
2021.3.7 0:00,309429
2021.3.8 0:00,309528
2021.3.9 0:00,309637
2021.3.10 0:00,309780
2021.3.11 0:00,309884
2021.3.12 0:00,309969
2021.3.13 0:00,310034
2021.3.14 0:00,310101
2021.3.15 0:00,310177
2021.3.16 0:00,310241
2021.3.17 0:00,310315
2021.3.18 0:00,310402
2021.3.19 0:00,310473
2021.3.20 0:00,310564
2021.3.21 0:00,310644
2021.3.22 0:00,310691
2021.3.23 0:00,310742
2021.3.24 0:00,310797
2021.3.25 0:00,310854
2021.3.26 0:00,310930
2021.3.27 0:00,311081
2021.3.28 0:00,311217
2021.3.29 0:00,311318
2021.3.30 0:00,311432
2021.3.31 0:00,311510
2021.4.1 0:00,311581
2021.4.2 0:00,311669
2021.4.3 0:00,311795
2021.4.4 0:00,311991
2021.4.5 0:00,312143
2021.4.6 0:00,312279
2021.4.7 0:00,312420
2021.4.8 0:00,312565
2021.4.9 0:00,312716
2021.4.10 0:00,312870
2021.4.11 0:00,313053
2021.4.12 0:00,313201
2021.4.13 0:00,313330
2021.4.14 0:00,313436
2021.4.15 0:00,313572
2021.4.16 0:00,313707
2021.4.17 0:00,313830
2021.4.18 0:00,313951
2021.4.19 0:00,314031
2021.4.20 0:00,314082
2021.4.21 0:00,314173
2021.4.22 0:00,314281
2021.4.23 0:00,314421
2021.4.24 0:00,314567
2021.4.25 0:00,314750
2021.4.26 0:00,314916
2021.4.27 0:00,315070
2021.4.28 0:00,315189
2021.4.29 0:00,315315
2021.4.30 0:00,315488
2021.5.1 0:00,315691
2021.5.2 0:00,315896
2021.5.3 0:00,316104
2021.5.4 0:00,316279
2021.5.5 0:00,316455
2021.5.6 0:00,316626
2021.5.7 0:00,316779
2021.5.8 0:00,316873
2021.5.9 0:00,317003
2021.5.10 0:00,317080
2021.5.11 0:00,317129
2021.5.12 0:00,317183
2021.5.13 0:00,317269
2021.5.14 0:00,317360
2021.5.15 0:00,317489
2021.5.16 0:00,317612
2021.5.17 0:00,317738
2021.5.18 0:00,317856
2021.5.19 0:00,317930
2021.5.20 0:00,318006
2021.5.21 0:00,318101
2021.5.22 0:00,318219
2021.5.23 0:00,318298
2021.5.24 0:00,318398
2021.5.25 0:00,318487
2021.5.26 0:00,318582
2021.5.27 0:00,318727
2021.5.28 0:00,318827
2021.5.29 0:00,318961
2021.5.30 0:00,319167
2021.5.31 0:00,319284
2021.6.1 0:00,319430
2021.6.2 0:00,319547
2021.6.3 0:00,319676
2021.6.4 0:00,319821
2021.6.5 0:00,320015
2021.6.6 0:00,320203
2021.6.7 0:00,320363
2021.6.8 0:00,320486
2021.6.9 0:00,320605
2021.6.10 0:00,320773
2021.6.11 0:00,320898
2021.6.12 0:00,321070
2021.6.13 0:00,321221
2021.6.14 0:00,321390
2021.6.15 0:00,321541
2021.6.16 0:00,321780
2021.6.17 0:00,322071
2021.6.18 0:00,322260
2021.6.19 0:00,322448
2021.6.20 0:00,322606
2021.6.21 0:00,322688
2021.6.22 0:00,322820
2021.6.23 0:00,322956
2021.6.24 0:00,323098
2021.6.25 0:00,323217
2021.6.26 0:00,323333
2021.6.27 0:00,323477
2021.6.28 0:00,323623
2021.6.29 0:00,323759
2021.6.30 0:00,323859
2021.7.1 0:00,324010
2021.7.2 0:00,324185
2021.7.3 0:00,324369
2021.7.4 0:00,324562
2021.7.5 0:00,324730
2021.7.6 0:00,324830
2021.7.7 0:00,324913
2021.7.8 0:00,324980
2021.7.9 0:00,325077
2021.7.10 0:00,325213
2021.7.11 0:00,325353
2021.7.12 0:00,325442
2021.7.13 0:00,325502
2021.7.14 0:00,325563
2021.7.15 0:00,325636
2021.7.16 0:00,325713
2021.7.17 0:00,325816
2021.7.18 0:00,325901
2021.7.19 0:00,325979
2021.7.20 0:00,326075
2021.7.21 0:00,326187
2021.7.22 0:00,326298
2021.7.23 0:00,326382
2021.7.24 0:00,326487
2021.7.25 0:00,326579
2021.7.26 0:00,326656
2021.7.27 0:00,326742
2021.7.28 0:00,326819
2021.7.29 0:00,326916
2021.7.30 0:00,326983
2021.7.31 0:00,327045
2021.8.1 0:00,327136
2021.8.2 0:00,327197
2021.8.3 0:00,327254
2021.8.4 0:00,327301
2021.8.5 0:00,327347
2021.8.6 0:00,327404
2021.8.7 0:00,327470
2021.8.8 0:00,327491