timestamp,tvlUSD,tvlETH,wBTC,wETH,DAI
1627804800,7752641869,,15399.37646,2385893.349,63473639.2
1627776000,7614485610,3011808.991,15397.6846,2386899.966,63463816.52
1627689600,7411533055,3010065.207,15418.7946,2387970.754,62955533.99
1627603200,7144157109,2997640.672,15360.6983,2390801.27,63066388.93
1627516800,6983811038,3036862.102,15790.50487,2392254.984,63559110.14
1627430400,6923658223,3009291.809,15476.61829,2389785.526,63137558.62
1627344000,6742448240,3019416.775,15474.2449,2391320.519,63058727.48
1627257600,6647980475,3026927.566,15473.08121,2405091.298,62549123.15
1627171200,6617767858,3021439.301,15468.52161,2413114.963,62557865.63
1627084800,6458327143,3031936.126,15529.01148,2412296.298,62021770.43
1626998400,6283495549,3083803.114,16821.42967,2436155.624,61437559.72
1626912000,6222413729,3106531.535,16870.14045,2437272.427,61445969.79
1626825600,5629165641,3134645.833,16955.30477,2432070.047,61362932.54
1626739200,5740210559,3136195.813,16251.31954,2457011.457,61397944.39
1626652800,6000813339,3143120.035,16232.63049,2476263.177,61182442.76
1626566400,5991585531,3135626.007,16232.15411,2477150.128,60837680.66
1626480000,5934251725,3138669.864,16104.12105,2479388.912,60837680.66
1626393600,6020828687,3120392.58,16138.64485,2460866.4,61637517.85
1626307200,6258057705,3124311.143,16138.51478,2462189.967,62190917.31
1626220800,6102456234,3122850.698,15973.61905,2452723.675,62064538.76
1626134400,6354125310,3107349.274,15981.69013,2451279.157,61618251.06
1626048000,6630238045,3088327.679,15981.87024,2444222.316,62206376.16
1625961600,6561969250,3092642.685,16122.85379,2448941.615,62280367.92
1625875200,6698905892,3113959.741,16477.99906,2456599.103,62228434.46
1625788800,6601114067,3113204.393,17047.61221,2457055.092,62786988.93
1625702400,7139405869,3077197.478,17063.9969,2455784.775,63079019.8
1625616000,7142355705,3066375.745,17061.50216,2458068.312,63941422.02
1625529600,6866124676,3115895.35,17065.31201,2457170.695,64677754.32
1625443200,7179072237,3085583.236,17109.72132,2459490.087,64220614.5
1625356800,6879163875,3084093.859,17238.00185,2451479.798,64094474.73
1625270400,6705196422,3104401.325,17344.02073,2449367.553,64229741.28
1625184000,6579444500,3112040.309,17361.39103,2440936.596,63842603.88
1625097600,7008353538,3074014.544,17344.36858,2438109.274,63481345.27
1625011200,6778240472,3134533.431,17425.46834,2444204.166,65576305.22
1624924800,6559299789,3143549.902,17433.69892,2447493.438,63596370.63
1624838400,6206112199,3129942.304,17461.55002,2428582.155,66008306.34
1624752000,5774206458,3153133.066,17336.69491,2428972.873,66051744.55
1624665600,5778926192,3182017.814,17570.36902,2407701.996,66012596.1
1624579200,6235276225,3130944.627,17379.88453,2418596.206,65921625.25
1624492800,5917636973,2999461.186,17440.01727,2292658.214,68203484.08
1624406400,5662455665,3014092.845,17021.01692,2299182.85,68664875.24
1624320000,5852842126,3087805.202,16946.46703,2396549.268,69486018.24
1624233600,7016824146,3116150.987,17186.72652,2448578.836,70021705.86
1624147200,6835975965,3136373.047,17189.86579,2453043.964,70448800.93
1624060800,6989907078,3125601.24,17151.073,2457842.029,71204215.61
1623974400,7431874338,3129394.717,17016.41353,2458544.952,72206563.33
1623888000,7755290067,3274789.107,17411.14327,2599269.001,73293259.65
1623801600,8408141788,3302555.741,17529.14982,2640985.666,73556342.79
1623715200,8472016997,3281921.19,17535.34151,2631518.567,70086970.45
1623628800,8255597852,3288532.537,17448.17504,2631954.715,69922121.67
1623542400,7799392939,3288482.643,17429.99787,2632236.768,69987661.21
1623456000,7729227090,3284155.484,16956.30596,2636397.444,70781105.78
1623369600,8055138436,3257799.956,16978.28057,2641641.798,68257334.8
1623283200,8542543803,3275741.348,17211.20435,2646486.863,68755487.16
1623196800,8192639047,3261881.347,17056.83719,2646516.902,70055456.95
1623110400,8364240438,3222419.302,17535.51413,2644809.185,70527790.73
1623024000,8748854305,3223185.774,17842.56377,2644569.126,70336578.43
1622937600,8462774863,3216769.941,17909.88531,2642472.32,69653546.82
1622851200,8729171240,3244514.369,17909.00237,2641908.653,69038202.43
1622764800,9258182108,3243772.943,18060.85205,2641317.185,70945490.98
1622678400,8873493098,3275185.6,18907.39215,2651976.275,72759152.72
1622592000,8698619678,3304469.597,19728.90322,2663236.1,71571613.54
1622505600,8974308917,3311870.85,20217.52244,2677978.006,71726512.17
1622419200,8051858053,3371489.248,20220.45958,2684345.196,71030030.8
1622332800,7780751582,3414617.179,20148.63515,2716414.163,68758968.07
1622246400,8455551595,3500002.73,20478.15628,2793227.412,70561050.99
1622160000,9462861329,3454872.537,20525.83266,2798733.057,70718624.41
1622073600,9924248356,3465836.091,21116.05402,2812512.086,69991656.61
1621987200,9351628246,3457700.732,20909.4739,2821181.542,67816501.86
1621900800,9157808990,3460530.31,21243.96514,2818672.134,64205184.4
1621814400,7428796322,3530998.119,21041.99264,2787767.827,63479349.08
1621728000,8396360051,3652036.263,20568.21138,2921166.821,68356227.45
1621641600,8844724740,3630645.631,22358.08714,2932949.608,70585604.68
1621555200,10119474886,3641854.306,22195.08336,2976432.904,70991038.01
1621468800,9091048883,3699202.417,21797.1432,2918025.645,73939444.89
1621382400,12838574248,3797091.604,21280.56835,3061237.044,91854531.4
1621296000,12370395184,3766145.71,21197.35877,3057976.64,89080342.99
1621209600,13403245085,3737711.091,19910.16325,3031486.664,88841128.16
1621123200,13589289790,3728394.564,19127.1539,3045403.708,88651491.23
1621036800,15022329021,3681456.136,19162.62047,3047648.325,87089718.08
1620950400,13491624964,3626761.406,16857.16213,3042243.771,83190575.31
1620864000,13785384404,3621062.36,17610.57511,3051901.968,81259207.63
1620777600,15420293818,3690274.999,17738.61337,3062587.148,79635520.78
1620691200,14593707376,3697061.691,17678.71465,3066954.656,80276714.48
1620604800,14491076608,3694818.105,16674.98906,3069842.444,84252407.43
1620518400,14366374860,3685424.626,15809.52662,3060778.255,85315687.78
1620432000,13131582339,3770344.584,15793.87853,3064765.435,83882488.06
1620345600,13179044176,3795392.26,15763.02806,3074148.602,86693474.29
1620259200,12468584770,3535843.047,15224.43462,3072716.754,85147396.88
1620172800,11505545520,3544683.233,15190.13974,3070773.225,86536960.95
1620086400,12131609105,3538026.29,15105.05412,3084326.688,87411397.95
1620000000,10762664251,3645728.424,15240.69491,3088891.447,90348630.11
1619913600,10745099175,3648243.69,15511.55543,3079422.832,90295955.07
1619827200,10258582918,3694709.611,15512.17403,3099004.854,92632335.62
1619740800,10234521484,3709248.542,16153.91652,3118975.911,95380353.21
1619654400,10354011088,3766053.573,16243.12874,3128875.106,101164304.7
1619568000,10072894623,3777784.095,16270.81548,3135476.238,99143382.53
1619481600,9652454722,3807313.991,16187.36857,3134541.44,94256578.72
1619395200,8983425777,3870497.965,16293.7605,3113490.693,90362427.48
1619308800,8700712568,3919081.014,16324.12208,3109842.331,87299415.88
1619222400,9144091385,3861410.932,16346.733,3088611.489,86144722.5
1619136000,9602724536,3993398.015,16355.7681,3099585.802,88964292.38
1619049600,9300636348,3940981.003,17073.82371,3102767.816,84136817.82
1618963200,9244939941,3961477.622,17292.05144,3099102.3,81228020.94
1618876800,8686266124,4012502.829,17250.08066,3093358.308,79453388.12
1618790400,8938195658,3979818.894,17137.62052,3092349.931,74871582.67
1618704000,9256686746,3980959.706,16993.27058,3080752.057,79947983.44
1618617600,9572872942,3941173.08,17091.77379,3057237.027,80648246.49
1618531200,9376136288,3726545.002,16857.3313,2867776.3,81754267.48
1618444800,9102154854,3742231.509,16770.17484,2881431.206,79649503.11
1618358400,8743384031,3802132.558,16655.4111,2900220.739,81825006.8
1618272000,8174485125,3823157.929,16549.61528,2899697.403,79967994.49
1618185600,8234747754,3831095.282,16520.88542,2902545.909,79585001.51
1618099200,8143808378,3817648.78,16559.14531,2880527.398,80309344.93
1618012800,7882926709,3814442.422,16405.13079,2856257.766,84512203.31
1617926400,7917048785,3805998.983,16313.14106,2860137.44,82310565.97
1617840000,7582854099,3866258.482,16305.5155,2864241.251,72334750.97
1617753600,8051548728,3811762.934,16238.63288,2886580.628,71782965.27
1617667200,8003851750,3803352.824,16534.99752,2892380.59,73108774.82
1617580800,7925895468,3821218.731,16677.09738,2890288.419,70494733.15
1617494400,7672016708,3816164.3,16576.70029,2886466.421,58290481.29
1617408000,8201987072,3840492.902,16691.75163,2925593.823,67173741.02
1617321600,7649683416,3886738.011,16447.76119,2922899.737,53366485.87
1617235200,7411024499,3865686.99,16463.49745,2905208.604,34877774.6
1617148800,7181214871,3901328.765,16444.33259,2901280.904,33888677.1
1617062400,7006882636,3856079.817,16363.69627,2870589.227,30794003.41
1616976000,6544712738,3880325.818,16146.49365,2887785.932,26635397.66
1616889600,6575026021,3837862.492,15578.42467,2871659.952,26014845.5
1616803200,6522052613,3838465.928,15498.53624,2879919.08,23311089.16
1616716800,6107031536,3844745.082,15037.16644,2898300.718,22678241.68
1616630400,6031793408,3806916.94,14459.45864,2867919.104,22637181.13
1616544000,6336299866,3793510.068,14449.22719,2868290.546,22285879.98
1616457600,6554682732,3888842.387,14385.99053,2979241.978,22266365.57
1616371200,6940688501,3888340.897,14530.68977,2981822.866,21956116.8
1616284800,7061905391,3913562.094,14243.0208,3019408.676,20929597.26
1616198400,7114558877,3930500.073,14352.05044,3028658.148,19866474.63
1616112000,7008932553,3944916.166,14275.26881,3031131.373,19352030.55
1616025600,7155447967,3923867.999,14099.76168,3028714.802,19336691.83
1615939200,6957071802,3854589.669,13962.36098,2992734.116,19267968.41
1615852800,6962924959,3886146.327,13903.57052,3005106.965,18973561.82
1615766400,7217510415,3903213.645,13855.07415,2994083.768,16178472.49
1615680000,7437048886,3870137.062,13751.6199,3005566.969,14976125.38
1615593600,6879556810,3893596.551,13671.43729,3003168.717,13742384.13
1615507200,7062493089,3865813.362,13558.13861,3004877.725,11692256.6
1615420800,6861867360,3819214.079,13482.39186,2954367.909,11998986.95
1615334400,7030655972,3758382.588,13419.80689,2945140.751,12011049.74
1615248000,6740069673,3681247.5,13411.85528,2852550.056,12156419.87
1615161600,6469060280,3750005.959,13284.88656,2897300.275,11458107.7
1615075200,6392911314,3871183.603,13573.45784,2956720.995,10467384.11
1614988800,6011137557,3931443.343,13687.74307,2960568.868,11231563.83
1614902400,6150042381,3994156.48,13673.77624,2985992.822,11078588.7
1614816000,6237858979,3969644.06,13525.01964,2953638.695,10818797.24
1614729600,5975900617,4009998.736,13940.17744,2960421.826,10507807.93
1614643200,6169797991,3928156.311,13697.09186,2964407.617,10178081.23
1614556800,5571529635,3924275.677,13891.38054,2966932.279,9993003.82
1614470400,5700869533,3901898.999,13801.96788,2957953.957,10331195.53
1614384000,5684942302,3933590.018,13820.52111,2971511.063,10342335.73
1614297600,5741121261,3890017.523,13902.71294,2951888.87,10383247.76
1614211200,6228048928,3833093.671,13831.24711,2950741.166,10290456.8
1614124800,5929426920,3760656.384,13812.80541,2915731.787,9821197.793
1614038400,6686807099,3758068.868,13945.44864,2890881.117,10175052.73
1613952000,7159530336,3695489.419,13937.29643,2860040.352,9250082.034
1613865600,7054215434,3673630.468,13836.88036,2853782.447,8528125.46
1613779200,7139395637,3646697.843,13701.76864,2832262.787,9042740.766
1613692800,7004098179,3607867.854,13667.38413,2831431.133,9008652.44
1613606400,6664289361,3599497.346,13670.23974,2820251.409,9298993.185
1613520000,6445892510,3615073.25,13513.95795,2825164.59,8536384.926
1613433600,6501607631,3653532.728,12978.88194,2881778.225,9058953.178
1613347200,6561518931,3636177.65,12963.81049,2866034.701,8939523.651
1613260800,6616967587,3641599.068,12905.61671,2884951.74,8828011.438
1613174400,6703998666,3631831.988,12957.05216,2892645.372,8477937.021
1613088000,6518767630,3645863.584,12950.87677,2891667.202,8355426.009
1613001600,6320737102,3625398.404,12623.85438,2890705.303,8313441.575
1612915200,6415896568,3617422.414,12364.20518,2907952.394,8354604.821
1612828800,6229411413,3560314.694,11858.96275,2894692.024,8245541.255
1612742400,5726563320,3546167.049,11571.80892,2884101.857,8252459.59
1612656000,6002396381,3574259.162,13138.43369,2882688.702,8259722.999
1612569600,6140784641,3570057.579,13082.72362,2891253.802,8135704.168
1612483200,5678424204,3553167.892,12490.86843,2852629.471,8000665.505
1612396800,5823613649,3499431.334,12765.1564,2849516.595,7808882.972
1612310400,5364618684,3542849.858,12734.99722,2829144.382,7654196.342
1612224000,4831791989,3513519.48,12958.52521,2777960.717,7324877.58
1612137600,4681002985,3562081.838,12893.39525,2773669.548,7142066.12
1612051200,4861551711,3527950.966,12917.70489,2763539.437,7275037.739
1611964800,4873295527,3531450.341,12902.01176,2769909.522,7185861.869
1611878400,4693737877,3528516.029,12745.40803,2761938.43,7026602.803
1611792000,4387783976,3514979.433,12000.5065,2752773.897,6831209.362
1611705600,4700200217,3442487.433,11962.30774,2716069.487,6988049.239
1611619200,4568653453,3460812.7,10956.71281,2725086.43,7046505.713
1611532800,4699899432,3390516.042,10830.31799,2698504.694,6703759.074
1611446400,4229548432,3428427.725,10628.06025,2681261.714,6592793.471
1611360000,4222681635,3413426.484,10459.72263,2684479.565,6456194.185
1611273600,3839314717,3439722.19,10383.57808,2625619.626,6181160.768
1611187200,4553945728,3305829.718,10321.29899,2648064.918,6403399.404
1611100800,4579617482,3337548.724,10581.18419,2652685.642,6355875.435
1611014400,4322630255,3435266.552,10870.81215,2687027.261,6175218.028
1610928000,4204484336,3410958.866,10824.53774,2655204.191,5954976.544
1610841600,4179914576,3399161.233,10937.94942,2633276.184,5489522.742
1610755200,3926459244,3349049.602,10497.59125,2577173.464,5027874.617
1610668800,4255755196,3472385.114,10414.61311,2666946.687,4822838.325
1610582400,3982125906,3523506.323,10311.80825,2660015.772,4561989.848
1610496000,3737001694,3560032.479,10279.22838,2666715.088,4104651.304
1610409600,3889270149,3575617.024,10274.87485,2658978.899,3941872.434
1610323200,4375643276,3481741.073,10207.58663,2660140.607,4009304.994
1610236800,4445511697,3474684.772,9886.014888,2676529.481,4007323.836
1610150400,4265747238,3505421.348,9535.555129,2676940.975,3973765.995
1610064000,4263290841,3462514.998,9514.979449,2677491.737,4208797.535
1609977600,4229754611,3497659.501,9556.502816,2703783.878,4206764.152
1609891200,3996928208,3631953.228,9431.51735,2770564.302,4178800.734
1609804800,3752398158,3622425.53,9336.88948,2778408.223,4097185.763
1609718400,3557367450,3648619.422,9020.558241,2743848.523,4386912.16
1609632000,2988907152,3874602.549,8493.883979,2756012.97,4516668.948
1609545600,2847518743,3903865.786,8371.801225,2742981.183,4525161.908
1609459200,2837827772,3848684.847,8252.997917,2736743.656,4457789.481
1609372800,2875561214,3823274.496,8346.497926,2742732.028,4867100.164
1609286400,2813933881,3847220.313,8312.90673,2730519.7,4935246.185
1609200000,2800555255,3840849.283,10412.84095,2726708.784,4923083.22
1609113600,2645807919,3873293.298,10368.62109,2711755.575,4828076.442
1609027200,2551352685,4013517.1,10363.21497,2710608.469,4741653.735
1608940800,2737861304,4373440.631,10313.26887,2699748.566,236545753.2
1608854400,2689068851,4391033.395,12247.56224,2707280.024,224657429.1
1608768000,2621472485,4048856.277,12866.47773,2690871.836,243781296.5
1608681600,2783094074,4423296.737,12837.54663,2685578.219,248583167
1608595200,2715040560,4478491.291,12883.74438,2680639.28,247817263.8
1608508800,2792499351,4415228.155,12884.35052,2660329.518,241623413
1608422400,2899571270,4461633.923,12883.3116,2631569.682,265426340.4
1608336000,2865005241,4460123.982,12955.48865,2608241.577,255655027.7
1608249600,2840639452,4442177.822,13141.40384,2626754.699,260336355
1608163200,2822457231,4464006.249,13145.72294,2625152.886,276418413.5
1608076800,2651632859,4513801.786,15067.98615,2596784.387,277613847.8
1607990400,2646131553,4521910.443,16014.93996,2595172.048,280819910.3
1607904000,2649340565,4489494.62,16062.51151,2593457.716,283355807.7
1607817600,2620074267,4592753.939,16214.83102,2586652.404,301434173.2
1607731200,2508283355,4593252.555,16617.97984,2586540.964,293936735.1
1607644800,2594972546,4621994.418,16647.33786,2563194.729,313633428.2
1607558400,2649768811,4625589.266,16651.08007,2560709.111,318793173.4
1607472000,2590589240,4640637.074,17208.3306,2565694.122,316601830.1
1607385600,2712780972,4593885.003,17672.01001,2576961.651,310241299.5
1607299200,2749527673,4618105.534,17629.38914,2567959.332,307010617
1607212800,2716274783,4574008.223,17773.00063,2558833.344,299866280.5
1607126400,2635629317,4616540.816,17740.26309,2550531.399,301858801.5
1607040000,2802223693,4568420.895,14996.16728,2551347.982,316322234
1606953600,2747490110,4619416.094,14989.23452,2541399.818,305524617
1606867200,2758962180,4711986.234,15109.38186,2549012,345662226.2
1606780800,2842998127,4636406.541,15118.6374,2555454.763,358449427.5
1606694400,2684315335,4637885.44,15108.99198,2550604.781,343652765.1
1606608000,2542907597,4710745.627,15369.93892,2573181.365,346482795.6
1606521600,2484075741,4748849.607,15382.35209,2576552.085,346407506.8
1606435200,2531123130,4876735.251,15339.59626,2648361.068,349448123.1
1606348800,2654297676,4649240.118,15325.13967,2627242.024,336754419
1606262400,2751720182,4576056.711,14895.97557,2626237.065,331439310.5
1606176000,2768470543,4572432.231,14899.59832,2670361.124,331013655.8
1606089600,2646822587,4725287.583,0,2683539.745,328875773.5
1606003200,2622743605,4782711.997,0,2672776.822,335761823.5
1605916800,2496151843,4953960.035,0,2648308.261,336028024.8
1605830400,2370330576,5052932.373,0,2639937.273,333915490.8
1605744000,2410175956,5054263.214,0,2643560.346,342486645.3
1605657600,2398641888,5024912.303,0,2658062.299,348900468.8
1605571200,2322781516,5092702.293,14919.30601,2669218.311,339907157.2
1605484800,2293519690,5150967.278,14882.33995,2658721.017,352844377.1
1605398400,2325522786,5073904.798,14949.89763,2655249.328,354982254.2
1605312000,2372361051,5005931.614,14959.24286,2645735.311,358230575.4
1605225600,2316551432,5020156.966,14943.47635,2608260.191,356829618.2
1605139200,2321698426,5018694.853,14941.69538,2609461.221,358158699.6
1605052800,2181008655,4872782.357,14923.71549,2461618.312,331907577.6
1604966400,2159584951,4869523.441,14923.08309,2474842.249,318694579.8
1604880000,2151240318,4757591.875,14879.05193,2474041.284,289003477.5
1604793600,2102558741,4822050.641,15014.5608,2478689.668,287617880.8
1604707200,2220667542,4876087.001,14988.80152,2583491.486,297908828.4
1604620800,2094719854,5069015.231,15101.05574,2581435.898,283566927
1604534400,2033198334,5092544.356,15266.89903,2582852.949,278863015.4
1604448000,2014216002,5229013.505,15316.4285,2595253.434,287043829.5
1604361600,2001638221,5216267.222,15306.09671,2597229.201,283186825.4
1604275200,2012945618,5121999.028,15436.65301,2603466.625,277375658.8
1604188800,1979365420,5135473.16,15669.24172,2603184.787,269064646.4
1604102400,1962440438,5150897.499,15647.98426,2598978.921,271006167.6
1604016000,2014763438,5236007.791,15608.72418,2587650.954,273716673.5
1603929600,2033476974,5240514.842,18051.40632,2579067.487,301264236.1
1603843200,2110012143,5259252.6,17147.87619,2600879.744,323462909.5
1603756800,2077829181,5283601.64,17220.18236,2596902.929,331538603
1603670400,2116839292,5212862.717,17079.18709,2604768.387,334440246
1603584000,2128177354,5199807.843,17046.55107,2601103.232,337562554
1603497600,2132229322,5221572.969,16987.92229,2607643.777,340971087.7
1603411200,2096399515,5079102.399,17200.8982,2618345.559,316015239.3
1603324800,2062949829,5302531.369,15643.80197,2726415.635,302515090.6
1603238400,1960003672,5341191.607,15580.69664,2724597.046,296591547.4
1603152000,1972591032,5224299.571,14308.10147,2709066.627,287548559.2
1603065600,1959108669,5200713.217,14241.41922,2654990.479,293743569.9
1602979200,1937514585,5257413.467,14232.75131,2655377.488,292837868.5
1602892800,1928598277,5278624.581,14232.64285,2660695.779,291864691.9
1602806400,1951465486,5221871.2,14200.96544,2657480.088,291330427.3
1602720000,1966279452,5212829.936,14163.30297,2661324.336,293273688.9
1602633600,1983843850,5221191.31,14163.20677,2687846.906,291219985.5
1602547200,1972657498,5130315.201,13144.85126,2702053.602,275213617.1
1602460800,1938471159,5189321.802,13290.46316,2710513.442,274170875.9
1602374400,1912504569,5168093.198,13297.13395,2712050.666,267777987.3
1602288000,1890049569,5177934.275,13470.2013,2717214.958,268247701.7
1602201600,1833516456,5221759.622,13487.57959,2726796.635,267108508.1
1602115200,1798535129,5270123.741,13476.72129,2728030.349,263505097
1602028800,1819366587,5328042.25,13424.4638,2778955.105,267381652.4
1601942400,1825904653,5183841.958,13386.16941,2773665.748,253211077.6
1601856000,1841154210,5218543.154,13400.5052,2798183.87,255489189.1
1601769600,1824414270,5252682.665,13374.88258,2806470.427,253425486.2
1601683200,1824978689,5260062.513,13583.95533,2808655.214,251573284.9
1601596800,1844746350,5206882.356,13755.5843,2795081.151,256668139.6
1601510400,1924414076,5327540.214,13712.73239,2802122.996,280214577.1
1601424000,1938817348,5381268.833,14987.63922,2826419.132,279170220.2
1601337600,1924622303,5418113.572,14998.50902,2832792.339,277883781.1
1601251200,1952477404,5452172.249,14987.38488,2838097.877,280143448.3
1601164800,1955466614,5490570.305,14970.95158,2841590.268,283589655.5
1601078400,1937931153,5460960.783,14923.242,2837584.536,287778043.1
1600992000,1915059015,5463480.015,15106.39281,2830766.845,284773595.6
1600905600,1820623164,5586447.266,14757.47635,2840321.378,267191080.2
1600819200,1805555239,5211740.096,15489.65624,2857155.188,238932843.3
1600732800,1769564916,5170235.832,15255.76336,2862576.998,228855143.3
1600646400,1804710240,4849025.31,15495.95819,2859329.837,208050319.9
1600560000,1790329371,4642127.651,15750.79598,2843129.107,179281843.8
1600473600,1680511887,4361906.941,15745.52663,2846441.497,160536747.3
1600387200,1597965976,4105876.246,15375.49952,2851370.045,142445493.1
1600300800,1478608118,4046878.83,10524.90546,2855965.859,141990868.1
1600214400,1486139934,4070835.549,10720.12069,2914634.23,111100562.7
1600128000,1454540236,3844430.385,10591.3522,2901916.867,113217587.9
1600041600,1386654507,3754310.294,10527.11138,2879023.287,139792976.7
1599955200,1441197229,3691307.607,10394.74979,2857606.096,137965199.3
1599868800,1385208445,3679661.164,10755.18025,2866921.08,132774580.1
1599782400,1362573839,3674587.63,10487.73621,2876080.565,135846086
1599696000,1291614205,3648833.847,9383.107888,2791746.898,145298317.3
1599609600,1238171630,3655442.932,10272.44736,2775685.637,129529990.6
1599523200,1292206553,3659605.078,11957.00687,2776942.963,140914230.8
1599436800,1287614423,3621370.298,12138.86065,2794430.552,133506108.8
1599350400,1283826589,3799315.17,11564.46265,2946958.703,144135677.3
1599264000,1418790675,3650937.122,11046.94782,2899934.481,149154707.6
1599177600,1452413798,3743816.982,10413.11639,2912079.833,167173252
1599091200,1550099656,3516639.797,12936.79721,2754551.052,166705825.1
1599004800,1599333502,3378754.626,12693.26269,2633795.142,175564602.6
1598918400,1487709647,3427665.477,12598.7735,2581782.216,188527131.9
1598832000,1475561772,3442426.68,12463.9221,2584225.085,187213385.9
1598745600,1421459273,3540371.788,12556.99964,2594919.056,196404472.7
1598659200,1437448237,3621232.49,12742.23653,2651106.103,204778087.1
1598572800,1397841654,3636803.138,12743.83986,2656018.954,202710443.4
1598486400,1420711392,3655973.731,12473.46465,2650707.043,212416456.3
1598400000,1408663986,3648632.372,12427.02247,2651482.616,206043385.8
1598313600,1450828811,3549515.122,12807.38725,2642415.449,188318267.7
1598227200,1420018732,3626937.914,12780.43626,2609650.006,215216136.7
1598140800,1435819926,3630942.56,12781.87613,2622787.086,214105529
1598054400,1400516853,3606790.762,12879.90056,2611361.314,211811604
1597968000,1468198563,3529153.798,12552.61257,2592031.906,211329946.8
1597881600,1418461405,3480459.833,12552.84784,2583358.173,197688836.9
1597795200,1469210595,3462587.719,12353.29506,2592068.587,194628489.5
1597708800,1497795630,3475244.507,12418.96432,2599187.987,205682145.1
1597622400,1474444519,3443435.202,11595.7879,2587773.689,201674715.7
1597536000,1474144037,3417116.451,11403.80969,2590956.125,194860339.4
1597449600,1494288348,3430492.775,11377.17022,2598902.49,199750521.6
1597363200,1538341733,3651416.409,11438.44039,2577609.521,245387230
1597276800,1441927394,3720238.897,11409.10134,2569746.278,253447717.9
1597190400,1426861667,3759053.867,10737.98117,2573481.828,252431020.3
1597104000,1460289069,3695250.44,10736.55304,2573246.758,250005160.1
1597017600,1336326994,3428061.654,9387.31212,2506722.609,211909369.7
1596931200,1344558755,3415446.326,6742.924587,2495436.536,212374812.1
1596844800,1307256320,3446133.6,6742.54175,2492711.194,211422007.4
1596758400,1324068513,3364593.584,6736.363175,2466651.934,200217355.1
1596672000,1392096472,3487565.067,7106.506114,2560599.122,215955177.4
1596585600,1353221553,3479881.588,7107.78923,2541772.721,217795057
1596499200,1348999596,3489664.475,7108.041919,2540169.121,217355345.8
1596412800,1261187857,3394122.011,7101.918705,2547594.363,173158797.8
1596326400,1281597669,3313077.241,7101.680465,2534721.826,151410897.7
1596240000,1211296789,3496108.722,7105.994781,2558589.367,170776534
1596153600,1105771124,3305249.212,7106.773309,2497179.049,143408839.5
1596067200,1059575779,3326246.363,3890.31866,2482414.185,153197723.2
1595980800,1025672381,3244669.201,3773.00968,2395247.808,161798282.5
1595894400,1017144308,3173617.186,3773.845349,2397255.609,149061102.7
1595808000,970293268,3130079.254,3771.245411,2369551.991,138966732.1
1595721600,883340083,2927002.495,3776.077126,2392037.011,87913488.1
1595635200,814239320,2927759.951,3780.080524,2375597.211,46864451.94
1595548800,763846192,2783391.728,3780.363295,2315920.494,33217737.35
1595462400,689935311,2627224.062,3829.232595,2230623.923,31741779.07
1595376000,643618841,2628732.401,4129.533895,2095927.434,38156264.76
1595289600,626437663,2647665.524,4129.587895,2071519.313,45187976.18
1595203200,654713343,2749856.537,4130.037895,2090545.306,65699753.61
1595116800,650402057,2753141.115,4129.900895,2044762.46,89201476.59
1595030400,642830395,2773091.735,4136.618478,2025800.837,95828537.69
1594944000,628506172,2677798.867,4144.355058,2018719.026,86662898.85
1594857600,632349508,2649139.12,4144.925779,2000629.84,87238987.31
1594771200,633312320,2635287.617,4145.586739,1998852.147,85175161.31
1594684800,634219541,2642251.139,4145.930984,1989547.419,81272770.56
1594598400,630913414,2603852.307,4949.294104,1971846.614,77290999
1594512000,645144596,2692590.134,4951.803576,2026286.994,83907073.28
1594425600,626101680,2593412.642,4950.382752,1968098.4,75223681.09
1594339200,621215341,2566475.278,4948.502309,1954079.764,72124270.02
1594252800,628542855,2552354.645,4947.309365,1954025.918,71280210.41
1594166400,605952037,2530916.536,4946.637034,1946780.677,65395701.34
1594080000,586506195,2436466.413,4948.596216,1904250.765,58200805.61
1593993600,555332862,2422918.246,4324.509228,1912986.627,55814475.09
1593907200,557534467,2409813.568,3584.503203,1921884.729,54034598.57
1593820800,526707604,2318867.676,3379.275335,1883358.186,47446330.68
1593734400,485686617,2135167.789,2723.247065,1786408.188,28319545.48
1593648000,491905599,2112452.113,2691.454393,1758451.169,32117338.61
1593561600,445874136,1963511.256,2691.909585,1765019.144,17567142.53
1593475200,446823725,1959581.287,2691.391606,1766187.061,16313517.81
1593388800,447027186,1974327.294,2691.75236,1778379.106,16893684.02
1593302400,445088269,1996001.027,2667.615682,1790776.592,18704885.53
1593216000,456274676,1974104.08,2669.679254,1771451.764,19586892.47
1593129600,463060030,1972986.919,2657.092643,1769486.791,20036378.78
1593043200,460615597,1952174.601,2665.762492,1761850.773,16912814.21
1592956800,471762095,1941327.908,2665.88623,1747365.158,17895912.41
1592870400,469215786,1940030.538,2664.873233,1756815.514,14813646.67
1592784000,437327152,1903325.726,2654.299396,1726917.173,18022064.72
1592697600,478956217,2081603.794,1998.167983,1900340.093,17803926.87
1592611200,498492186,2168771.747,2001.070106,1960730.517,18110074.5
1592524800,495732665,2145378.738,2698.235199,1936439.479,18101208.84
1592438400,492761689,2115038.583,2705.561769,1918536.164,15147147.4
1592352000,491987998,2093833.247,2703.889627,1911543.629,12205163.13
1592265600,480552605,2081395.552,2704.164199,1906056.167,10010582.59
1592179200,486875402,2092377.85,2704.70836,1922245.773,9528572.58
1592092800,514600046,2166737.036,2706.615579,2006028.54,8764755.54
1592006400,519063002,2178648.487,2713.083419,2011042.613,10467996.38
1591920000,502773710,2176886.517,2693.332295,2009413.774,9794361.482
1591833600,498181442,2028343.48,2693.454931,1862033.396,10001784.36
1591747200,495092062,2029648.104,2693.171286,1862900.67,9882554.52
1591660800,532406239,2161967.997,2691.247346,1997850.162,9528636.041
1591574400,539514739,2213938.771,2696.039731,2009449.344,19205324.56
1591488000,532949447,2210582.965,2695.582373,2005780.468,19187761.96
1591401600,531353259,2212312.678,2687.984051,2005786.168,19531837.5
1591315200,536829474,2216929.482,2692.811119,2009915.337,19321582.47
1591228800,536992001,2210935.445,2684.858528,2008765.956,18963979.96
1591142400,515202147,2171832.674,2683.749617,2009289.473,8837988.03
1591056000,529706079,2169592.787,2681.767906,1998955.555,10484272.85
1590969600,510769240,2205870.179,2659.662433,2035649.213,10158826.53
1590883200,530284638,2179371.355,2648.251166,2000715.136,11322457.76
1590796800,487255358,2219639.933,2647.845528,2018660.247,11484678.8
1590710400,483178173,2209521.552,2639.203025,2000605.085,11688424.99
1590624000,460596388,2220169.613,2639.609062,2002511.335,11711970.65
1590537600,450645745,2218181.458,2635.332967,1995682.623,12062095.65
1590451200,458340358,2219350.949,2636.859324,2001917.504,11558979.21
1590364800,456870949,2219759.737,2636.255749,2001672.404,11611620.15
1590278400,466146521,2225149.272,2628.08792,2003357.236,11922828.63
1590192000,471249204,2250903.726,2634.460604,1999081.711,14539757.8
1590105600,437949432,2178094.355,2632.832868,1996990.575,12039810.83
1590019200,458023606,2177228.721,1126.395896,2001454.285,11790774.69
1589932800,453800984,2123144.868,1124.795135,1991872.755,11752227.04
1589846400,453861822,2118968.309,130.0551596,1993038.707,10544953.04
1589760000,436893108,2115192.97,114.6159007,1982239.648,11209061.8
1589673600,424976043,2116309.163,109.2458719,1978536.172,11497940.47
1589587200,413474863,2119188.473,106.2108778,1980143.77,11853253.4
1589500800,429386426,2116872.54,92.6126315,1981029.558,11977677.09
1589414400,423672683,2116881.598,88.84956031,1976882.471,11948271.65
1589328000,422388560,2202119.598,85.60058043,2039400.64,13996451.83
1589241600,422520162,2261400.996,84.01340503,2089701.72,14993961.72
1589155200,437671113,2323465.058,69.76590763,2156543.92,14343274.05
1589068800,477401029,2280614.48,68.22878696,2130389.767,14697423.88
1588982400,480169493,2277843.895,68.23105302,2129871.487,14742877.57
1588896000,480969511,2278072.803,63.42524067,2126236.833,15035217.12
1588809600,454734880,2288204.499,54.01684378,2125129.136,15513391.14
1588723200,469837803,2288765.603,39.49750531,2125698.459,16297908.22
1588636800,470744111,2273467.164,31.46315229,2116090.687,15736277.19
1588550400,473162855,2248552.274,25.8158571,2089483.105,16467771.94
1588464000,476038099,2232195.906,21.57647894,2092905.417,16317591.83
1588377600,457232101,2149657.268,0,2091232.664,9174261.376
1588291200,447483328,2164159.83,0,2104940.121,9350092.849
1588204800,476885719,2220241.72,0,2159433.273,9700201.372
1588118400,433923806,2211189.391,0,2135782.561,9621572.433
1588032000,434123506,2213334.893,0,2137634.08,9624052.388
1587945600,437940499,2228818.255,0,2159812.648,9779167.895
1587859200,436107370,2245198.569,0,2153892.957,11898294.85
1587772800,420940483,2247173.196,0,2153258.654,12066598.55
1587686400,408022425,2204811.548,0,2107216.492,12471871.37
1587600000,412056194,2240653.583,0,2154685.614,12518981.78
1587513600,388573563,2240133.535,0,2151410.606,12168076.38
1587427200,387637132,2234992.689,0,2152991.688,11340487.99
1587340800,404791019,2221197.426,0,2126987.605,13980869.88
1587254400,408631844,2159445.352,0,2069073.713,14040202.83
1587168000,370939727,2148133.698,0,2043313.333,14897944.02
1587081600,373525792,2152142.153,0,2042896.868,15543095.6
1586995200,337194678,2156803.62,0,2037378.532,16025004.71
1586908800,348587775,2160846.609,0,2039944.187,16607652.66
1586822400,340936654,2165364.586,0,2037208.351,17062663.93
1586736000,345639851,2167564.599,0,2037819.269,17297213.91
1586649600,347011250,2171942.48,0,2043165.807,17274577.58
1586563200,344027630,2173263.613,0,2043338.344,17390184.25
1586476800,365262208,2145572.18,0,2017597.271,18683917.47
1586390400,370906051,2140007.218,0,2011003.025,19097593.05
1586304000,362152315,2194064.673,0,2048589.275,20728696.78
1586217600,400207929,2332485.89,0,2127971.12,27103033.8
1586131200,353340545,2456483.211,0,2200012.767,28523931.23
1586044800,356553301,2460345.715,0,2197479.603,28266178.81
1585958400,348485231,2458796.522,0,2195948.769,27551712.5
1585872000,349949069,2466862.181,0,2197667.748,27087882.82
1585785600,338343484,2479251.733,0,2196482.192,27128596.97
1585699200,334254838,2485350.866,0,2206166.685,27300923.68
1585612800,301928426,2271163.126,0,2185170.874,3421536.107
1585526400,312934181,2479079.308,0,2187247.626,26837783.58
1585440000,324933317,2452882.29,0,2164695.027,27068911.16
1585353600,323643059,2431760.906,0,2133408.249,27573696.89
1585267200,337386294,2405949.469,0,2125298.281,27999003.43
1585180800,320803420,2335323.724,0,2078267.981,21877673.21
1585094400,334022322,2387579.142,0,2070378.961,29481666.19
1585008000,327909699,2385491.772,0,2063380.747,29964355.3
1584921600,299261074,2412034.126,0,2086489.86,28616693.21
1584835200,331331295,2480395.98,0,2092747.66,28840806.13
1584748800,320138942,2389453.217,0,2096421.507,27614267.09
1584662400,326757584,2377110.316,0,2092899.259,28125886.08
1584576000,294250969,2456390.091,0,2127891.434,29419619.39
1584489600,285391459,2446981.557,0,2153023.17,30337996.27
1584403200,284731367,2537034.367,0,2209504.03,32758556.81
1584316800,320091839,2538598.136,0,2198915.569,39191303.56
1584230400,319072323,2571297.631,0,2226825.465,41061783.12
1584144000,358187381,2634311.841,0,2288451.009,42272132.85
1584057600,310466785,2839981.568,0,2333756.251,53979539.46
1583971200,505610307,2570202.862,0,2178793.808,71216100.59
1583884800,522593801,2585689.976,0,2180110.655,74571948.52
1583798400,528948671,2593648.48,0,2194723.169,73444616.15
1583712000,500462507,2483684.898,0,2087274.626,76643972.67
1583625600,584323979,2428611.717,0,2085402.981,76817430.72
1583539200,595335117,2409288.211,0,2073410.061,76178461.47
1583452800,548691272,2385199.409,0,2036698.326,75030850.34
1583366400,545346422,2396916.412,0,2039721.278,74688286.62
1583280000,539340162,2388786.261,0,2040384.246,73378177.14
1583193600,556523217,2375157.77,0,2041221.295,71885464.1
1583107200,526676157,2381749.003,0,2042573.374,69748329.56
1583020800,538727140,2421027.953,0,2076958.143,71227010.69
1582934400,552998084,2406536.768,0,2077284.096,71012810.75
1582848000,554721149,2410782.916,0,2076548.906,71404519.01
1582761600,545357650,2421981.836,0,2072229.198,74169156.08
1582675200,589347619,2372383.943,0,2045625.919,76416119.3
1582588800,620932517,2323501.411,0,2031547.346,71375217.21
1582502400,636023943,2309706.733,0,2031021.796,71159601.87
1582416000,611629976,2309170.446,0,2005591.217,70628387.85
1582329600,615653759,2306942.553,0,2021661.698,70031835.18
1582243200,597333011,2309604.497,0,2020668.796,70235363.06
1582156800,606663218,2335655.725,0,2046842.939,69797860.37
1582070400,726519526,2572661.211,0,2301853.749,70802072.09
1581984000,705157315,2634329.479,0,2337427.136,74159124.06
1581897600,694480352,2679425.719,0,2372124.955,73609306.77
1581811200,704586122,2660421.847,0,2365432.784,72554257.29
1581724800,764067133,2676429.638,0,2403238.377,71070606.06
1581638400,720216017,2685669.601,0,2402138.785,70085039.48
1581552000,713953340,2686661.173,0,2413028.78,66649161.41
1581465600,646402434,2726401.088,0,2427324.502,64222605.48
1581379200,607800335,2729969.165,0,2423084.194,63124992.11
1581292800,621801528,2724809.5,0,2425879.713,62666529.48
1581206400,608769552,2730275.607,0,2428712.018,61921928.57
1581120000,609702651,2735441.927,0,2430447.439,61232892.02
1581033600,583538078,2742061.36,0,2441586.168,57824889.75
1580947200,561711357,2757136.195,0,2454974.502,56298164.29
1580860800,526930338,2786664.223,0,2460518.654,56019011.03
1580774400,520914635,2746715.713,0,2453784.621,50780985.45
1580688000,518343004,2751435.872,0,2455511.764,51433268.8
1580601600,515918954,2811700.659,0,2507697.654,51210977.45
1580515200,505603495,2814067.429,0,2505873.402,51100855.78
1580428800,517144907,2805081.943,0,2504235.008,50410409.47
1580342400,490301771,2821718.295,0,2513861.561,49042472.77
1580256000,495627993,2822482.876,0,2516121.158,48294583.75
1580169600,474876519,2795035.427,0,2495462.137,45829827.26
1580083200,467517444,2779863.503,0,2491956.366,43229814.38
1579996800,449247074,2773986.255,0,2485048.398,42138572.12
1579910400,451042695,2760359.211,0,2482365.981,40744208.87
1579824000,448740781,2748289.938,0,2480017.942,39142445.85
1579737600,463312614,2738901.714,0,2480013.837,38888373.42
1579651200,462326434,2728072.426,0,2476918.249,38028794.12
1579564800,453437651,2712109.881,0,2463702.077,36975995.02
1579478400,460030090,2749731.56,0,2458690.796,43868042.23
1579392000,473402958,2713999.645,0,2441279.572,42980902.37
1579305600,465773043,2742745.513,0,2433858.551,47817232.09
1579219200,449270053,2731955.324,0,2437650.903,43199524.08
1579132800,451437858,2715579.03,0,2433458.093,41727931.81
1579046400,449745213,2711758.897,0,2426546.479,42217317.3
1578960000,395397289,2739916.077,0,2426072.537,40761514.82
1578873600,400337561,2723570.046,0,2424320.146,39019522.18
1578787200,388427882,2716468.858,0,2419242.492,37956980.47
1578700800,393601686,2708889.787,0,2418522.442,37305397.4
1578614400,374972123,2709336.149,0,2416139.881,36082997.33
1578528000,381111407,2703109.49,0,2416843.467,35816850.51
1578441600,384314120,2683945.248,0,2401622.002,35306172.37
1578355200,384347315,2655065.729,0,2391247.401,32771914.73
1578268800,360987698,2644404.791,0,2378519.197,31261247.33
1578182400,357118382,2636727.569,0,2371919.03,30817002.45
1578096000,354542104,2627210.848,0,2368802.515,30206361.99
1578009600,338353012,2627780.46,0,2356655.602,30307369.32
1577923200,347915325,2618858.299,0,2352245.059,29894102.15
1577836800,341262108,2601281.409,0,2344645.153,28810152.24
1577750400,342067850,2576976.42,0,2328920.237,28199223.8
1577664000,349960511,2572293.355,0,2327637.696,27936986.26
1577577600,333093720,2573145.771,0,2320516.256,27775686.28
1577491200,326453068,2562828.293,0,2308002.373,28205060.91
1577404800,321483977,2544593.771,0,2306245.66,26257125.53
1577318400,322899004,2558223.768,0,2315050.925,26149734.48
1577232000,327206295,2538253.782,0,2310285.123,25284823.86
1577145600,327419348,2540892.038,0,2313645.999,25505399.03
1577059200,340047802,2556365.975,0,2334363.347,25224031.43
1576972800,331735523,2553776.159,0,2327555.014,25196189.56
1576886400,331368303,2560014.702,0,2327864.479,25559792.05
1576800000,323586505,2506867.873,0,2330388.626,18526913.45
1576713600,326220628,2445431.994,0,2283672.476,17490886.76
1576627200,299111677,2437152.098,0,2268648.903,17082300.41
1576540800,321120781,2392495.761,0,2228504.163,18085550.91
1576454400,332147737,2306421.339,0,2160331.651,16913710.12
1576368000,330252927,2299010.978,0,2157596.265,16384681.49
1576281600,334460799,2294599.335,0,2156912.138,16160515.26
1576195200,334033909,2287590.118,0,2155212.715,15716607.48
1576108800,331166594,2284853.001,0,2148002.047,15839552.86
1576022400,333477608,2270099.442,0,2148238.393,14135923.9
1575936000,337866946,2282113.786,0,2167103.977,13222670.76
1575849600,343456264,2257946.644,0,2158792.059,10953467.25
1575763200,334401761,2242801.885,0,2153620.111,9518668.008
1575676800,328646938,2199925.952,0,2114067.635,8986551.331
1575590400,325817110,2190661.669,0,2124060.573,6249177.412
1575504000,317150384,2169439.661,0,2118649.84,4119452.296
1575417600,320956855,2163510.988,0,2115258.854,3865472.111
1575331200,324742171,2166681.152,0,2119490.932,3868929.207
1575244800,324961322,2139874.371,0,2098407.771,3963571.215
1575158400,326797354,2135790.824,0,2098950.622,3486773.143
1575072000,331490658,2131087.483,0,2093861.326,3536035.831
1574985600,325905495,2145950.451,0,2108584.49,3611342.925
1574899200,328407603,2130303.6,0,2091549.303,4184130.518
1574812800,316941439,2129267.309,0,2093016.547,3604589.561
1574726400,313746489,2133749.245,0,2098084.092,3459339.456
1574640000,296176311,2088690.487,0,2052813.618,3347381.324
1574553600,320435118,2079937.154,0,2046999.995,3211488.684
1574467200,311380251,2060347.059,0,2045543.796,1018796.719
1574380800,319303907,1975401.553,0,1965575.395,890649.3113
1574294400,339876787,1933755.047,0,1925605.444,731500.1222
1574208000,339763845,1920872.032,0,1913976.21,506363.7081
1574121600,338143727,1886752.187,0,1880745.493,362063.7913
1574035200,349806753,1879569.894,0,1879569.879,0
1573948800,347349173,1881835.372,0,1881835.362,0
1573862400,340619318,1882186.65,0,1882186.653,
1573776000,349079622,1878185.85,0,1878185.852,
1573689600,356140721,1881554.95,0,1881554.95,
1573603200,351790042,1872917.223,0,1872917.226,
1573516800,345372464,1860041.275,0,1860041.278,
1573430400,351279979,1845636.416,0,1845636.416,
1573344000,345660002,1847955.103,0,1847955.106,
1573257600,340665398,1846024.699,0,1846024.7,
1573171200,340922692,1816510.507,0,1816510.51,
1573084800,350740126,1822405.31,0,1822405.314,
1572998400,341279769,1794037.581,0,1794037.586,
1572912000,329330633,1760373.279,0,1760373.283,
1572825600,314872582,1709870.117,0,1709870.118,
1572739200,315167181,1697001.836,0,1697001.837,
1572652800,313347161,1695785.047,0,1695785.051,
1572566400,310454837,1695085.105,0,1695085.107,
1572480000,315840057,1711684.679,0,1711684.682,
1572393600,329545532,1720774.539,0,1720774.539,
1572307200,311959835,1706843.765,0,1706843.771,
1572220800,313043494,1695977.321,0,1695977.324,
1572134400,304901455,1693050.447,0,1693050.449,
1572048000,304213584,1668386.443,193886.4007,1668386.444,
1571961600,269969899,1652303.684,0,1652303.69,
1571875200,269971798,1650194.364,0,1650194.368,
1571788800,271143689,1564410.853,0,1564410.856,
1571702400,275979446,1563445.763,0,1563445.766,
1571616000,278425730,1563223.457,0,1563223.459,
1571529600,274002301,1562602.23,0,1562602.234,
1571443200,273311567,1562583.997,0,1562584,
1571356800,281055307,1559252.743,0,1559252.746,
1571270400,277214616,1559049.637,0,1559049.64,
1571184000,284390431,1559756.656,0,1559756.66,
1571097600,295280625,1559196.457,0,1559196.462,
1571011200,288057310,1562302.365,0,1562302.368,
1570924800,287303456,1560838.029,0,1560838.033,
1570838400,284784357,1562345.606,0,1562345.609,
1570752000,304750643,1573068.926,0,1573068.928,
1570665600,304669379,1567471.21,0,1567471.212,
1570579200,281481695,1542280.944,0,1542280.948,
1570492800,279588809,1540264.483,0,1540264.486,
1570406400,264622330,1531202.002,0,1531202.002,
1570320000,276717696,1531026.314,0,1531026.316,
1570233600,272794936,1536007.523,0,1536007.523,
1570147200,270110120,1529242.598,0,1529242.603,
1570060800,280771638,1536538.27,0,1536538.272,
1569974400,271823242,1533298.973,0,1533298.974,
1569888000,278850782,1531726.35,0,1531726.35,
1569801600,263418302,1529012.665,0,1529012.667,
1569715200,270122949,1528449.89,0,1528449.895,
1569628800,269410548,1529959.384,0,1529959.385,
1569542400,254985249,1525944.039,0,1525944.04,
1569456000,256671871,1498813.845,0,1498813.848,
1569369600,251870168,1506851.14,0,1506851.141,
1569283200,307930635,1517049.143,0,1517049.144,
1569196800,324266832,1520452.159,0,1520452.16,
1569110400,330255737,1520234.473,0,1520234.475,
1569024000,333703793,1520221.37,0,1520221.373,
1568937600,337300821,1519646.878,0,1519646.882,
1568851200,321637864,1520243.248,0,1520243.25,
1568764800,318560794,1521157.454,0,1521157.457,
1568678400,302362048,1515067.635,0,1515067.636,
1568592000,290434284,1510711.49,0,1510711.491,
1568505600,275029846,1445775.356,0,1445775.358,
1568419200,262990558,1442308.643,0,1442308.647,
1568332800,262186903,1442568.93,0,1442568.932,
1568246400,258559875,1441890.893,0,1441890.898,
1568160000,260873552,1440733.153,0,1440733.157,
1568073600,261395476,1439560.943,0,1439560.945,
1567987200,262301734,1435303.606,0,1435303.61,
1567900800,256972337,1432398.757,0,1432398.758,
1567814400,243376067,1432045.113,0,1432045.115,
1567728000,250080647,1430994.776,0,1430994.777,
1567641600,251559950,1432165.955,0,1432165.958,
1567555200,256713006,1431192.541,0,1431192.545,
1567468800,255299470,1425696.487,0,1425696.493,
1567382400,245085567,1424170.882,0,1424170.885,
1567296000,248501051,1427838.721,0,1427838.723,
1567209600,242066075,1428877.132,0,1428877.135,
1567123200,242789094,1430105.99,0,1430105.995,
1567036800,247618903,1423915.486,0,1423915.49,
1566950400,265410910,1407866.062,0,1407866.065,
1566864000,263666400,1397278.219,0,1397278.224,
1566777600,261947037,1396157.323,0,1396157.326,
1566691200,267991387,1396370.295,0,1396370.296,
1566604800,272844383,1395837.637,0,1395837.638,
1566518400,267382446,1398663.211,0,1398663.212,
1566432000,262471990,1399029.849,0,1399029.85,
1566345600,275557789,1399338.762,0,1399338.766,
1566259200,284362466,1399697.116,0,1399697.117,
1566172800,273494485,1399664.713,0,1399664.717,
1566086400,260554862,1399252.79,0,1399252.792,
1566000000,260024532,1400013.633,0,1400013.633,
1565913600,263992599,1398414.022,0,1398414.026,
1565827200,253656259,1357321.591,0,1357321.596,
1565740800,281652497,1348652.064,0,1348652.065,
1565654400,282516009,1338177.383,0,1338177.383,
1565568000,290133651,1336775.023,0,1336775.024,
1565481600,275649750,1334542.484,0,1334542.488,
1565395200,277688378,1318746.156,0,1318746.159,
1565308800,291644833,1314959.344,0,1314959.346,
1565222400,297521485,1314605.36,0,1314605.362,
1565136000,296545452,1311219.721,0,1311219.721,
1565049600,315904268,1354707.612,0,1354707.614,
1564963200,302655596,1358357.327,0,1358357.33,
1564876800,301989146,1358414.583,0,1358414.585,
1564790400,295921181,1358308.919,0,1358308.921,
1564704000,296416945,1359773.132,0,1359773.134,
1564617600,301566744,1379221.331,0,1379221.335,
1564531200,292020892,1387997.966,0,1387997.968,
1564444800,292862178,1387380.634,0,1387380.637,
1564358400,291076759,1378073.852,0,1378073.853,
1564272000,285206684,1375020.172,0,1375020.175,
1564185600,302028789,1374670.197,0,1374670.198,
1564099200,303790893,1383382.937,0,1383382.94,
1564012800,303761361,1400273.641,0,1400273.644,
1563926400,299136946,1408830.34,0,1408830.343,
1563840000,318154409,1463586.388,0,1463586.388,
1563753600,348654439,1547237.237,0,1547237.241,
1563667200,353040736,1541999.284,0,1541999.285,
1563580800,342543086,1547238.294,0,1547238.296,
1563494400,355708024,1575183.881,0,1575183.883,
1563408000,332958014,1574641.825,0,1574641.83,
1563321600,306925671,1545368.667,0,1545368.669,
1563235200,343599053,1504967.163,0,1504967.164,
1563148800,340556647,1504956.679,0,1504956.683,
1563062400,404873544,1503987.905,10006.97939,1503987.907,
1562976000,413792480,1506452.891,0,1506452.892,
1562889600,407058995,1514525.412,0,1514525.412,
1562803200,435236930,1508411.07,0,1508411.072,
1562716800,465215066,1510880.017,0,1510880.019,
1562630400,473719648,1514206.962,0,1514206.963,
1562544000,462840780,1514035.918,0,1514035.919,
1562457600,436233445,1513070.809,0,1513070.81,
1562371200,436272687,1519214.009,0,1519214.011,
1562284800,430478268,1518281.198,0,1518281.2,
1562198400,459976932,1522749.469,0,1522749.472,
1562112000,443010195,1518822.665,0,1518822.667,
1562025600,445586978,1512309.863,0,1512309.863,
1561939200,436091572,1503142.052,0,1503142.052,
1561852800,478360920,1501446.704,0,1501446.705,
1561766400,467660028,1503488.275,0,1503488.278,
1561680000,447878992,1518028.037,0,1514383.745,
1561593600,505436193,1515005.674,0,1515005.675,
1561507200,492278239,1558286.344,0,1558286.347,
1561420800,496596445,1596516.46,0,1596516.461,
1561334400,494477569,1603520.346,0,1603520.346,
1561248000,503590366,1623280.682,0,1623280.685,
1561161600,481008203,1625796.671,0,1625796.673,
1561075200,441867224,1626784.567,0,1626784.568,
1560988800,438410076,1632873.016,0,1632873.019,
1560902400,432321448,1633620.949,0,1633620.953,
1560816000,447238282,1636197.71,0,1636197.712,
1560729600,440008078,1641270.014,0,1641270.014,
1560643200,438592003,1635073.08,0,1635073.081,
1560556800,431638025,1639526.057,0,1639526.06,
1560470400,417561940,1639233.463,0,1639233.466,
1560384000,431780047,1645942.313,0,1645942.313,
1560297600,402625986,1644713.995,0,1644713.996,
1560211200,406458426,1645580.672,0,1645580.673,
1560124800,381551064,1647812.844,0,1647812.845,
1560038400,401254057,1646643.372,0,1646643.375,
1559952000,410732538,1647411.11,0,1647411.114,
1559865600,409754630,1647387.247,0,1647387.251,
1559779200,405503657,1647518.21,0,1647518.214,
1559692800,397214320,1646688.998,0,1646689.002,
1559606400,409850450,1636913.691,0,1636913.692,
1559520000,441636307,1641587.581,0,1641587.583,
1559433600,434179928,1641325.853,0,1641325.855,
1559347200,439986575,1643396.612,0,1643396.615,
1559260800,417024968,1636675.699,0,1636675.702,
1559174400,441581063,1640162.92,0,1640162.923,
1559088000,445690230,1643582.365,0,1643582.368,
1559001600,465286644,1714015.487,0,1714015.488,
1558915200,469582697,1760187.034,0,1760187.036,
1558828800,441256173,1760869.041,0,1760869.042,
1558742400,440331919,1766131.554,0,1766131.557,
1558656000,431264212,1759185.038,0,1759185.039,
1558569600,429151005,1760547.28,0,1760547.282,
1558483200,450779531,1772977.506,0,1772977.509,
1558396800,451326228,1790977.095,0,1790977.096,
1558310400,469983782,1804506.746,0,1804506.746,
1558224000,422201615,1806055.589,0,1806055.593,
1558137600,440177577,1806523.75,0,1806523.753,
1558051200,478626003,1809823.803,0,1809823.806,
1557964800,478311023,1932491.709,0,1932491.713,
1557878400,426465422,1967182.167,0,1967182.171,
1557792000,384742019,1968392.607,0,1968392.61,
1557705600,371850903,1976878.804,0,1976878.808,
1557619200,375296223,1959055.296,0,1959055.3,
1557532800,340948414,1969889.15,0,1969889.151,
1557446400,340200871,1984604.311,0,1984604.315,
1557360000,343356058,1994516.747,0,1994516.748,
1557273600,340329273,1995714.965,0,1995714.971,
1557187200,348968518,1999704.991,0,1999704.996,
1557100800,330787379,2014048.825,0,2014048.828,
1557014400,334300116,2015312.973,0,2015312.974,
1556928000,342484909,2018178.603,0,2018178.607,
1556841600,331918565,2029958.81,0,2029958.814,
1556755200,329651059,2035511.324,0,2035511.327,
1556668800,336852364,2037701.071,0,2037701.076,
1556582400,319474405,2042152.934,0,2042152.936,
1556496000,325034818,2042445.758,0,2042445.765,
1556409600,327440630,2047015.691,0,2047015.693,
1556323200,326483844,2063480.243,0,2063480.244,
1556236800,320492565,2078690.913,0,2078690.916,
1556150400,346650581,2092289.842,0,2092289.847,
1556064000,356782855,2096502.85,0,2096502.851,
1555977600,359581512,2097908.471,0,2097908.476,
1555891200,357285849,2097979.149,0,2097979.153,
1555804800,365126340,2098909.749,0,2098909.753,
1555718400,372258477,2137819.313,0,2137819.317,
1555632000,374262032,2143539.702,0,2143539.707,
1555545600,361512368,2164485.499,0,2164485.5,
1555459200,361305438,2164801.905,0,2164801.906,
1555372800,347563743,2168208.004,0,2168208.008,
1555286400,368582605,2185099.627,0,2185099.631,
1555200000,359246324,2183470.03,0,2183470.033,
1555113600,360820063,2192635.288,0,2192635.289,
1555027200,363516417,2199929.902,0,2199929.902,
1554940800,392823245,2214461.046,0,2214461.047,
1554854400,387121662,2195812.036,0,2195812.038,
1554768000,398303961,2199845.14,0,2199845.144,
1554681600,386616440,2202064.362,0,2202064.367,
1554595200,362320266,2178976.822,0,2178976.823,
1554508800,363449773,2184324.617,0,2184324.617,
1554422400,342710509,2168093.307,0,2168093.311,
1554336000,348377361,2161418.048,0,2161418.052,
1554249600,358725144,2175014.515,0,2175014.517,
1554163200,308004920,2171342.404,0,2171342.404,
1554076800,309137114,2170906.699,0,2170906.705,
1553990400,310971005,2170221.265,0,2170221.269,
1553904000,312511842,2164059.567,0,2164059.569,
1553817600,300486021,2171298.656,0,2171298.66,
1553731200,304906521,2174331.605,0,2174331.609,
1553644800,292283007,2176506.121,0,2176506.124,
1553558400,291376989,2175104.427,0,2175104.432,
1553472000,296402030,2176066.588,0,2176066.59,
1553385600,300094283,2178701.053,0,2178701.058,
1553299200,297942858,2178581.881,0,2178581.882,
1553212800,298190949,2198886.137,0,2198886.141,
1553126400,310038772,2211088.09,0,2211088.091,
1553040000,308770555,2214043.848,0,2214043.852,
1552953600,306726515,2214631.877,0,2214631.882,
1552867200,309127818,2212164.148,0,2212164.154,
1552780800,308564102,2177894.565,0,2177894.567,
1552694400,300408403,2182724.718,0,2182724.722,
1552608000,288780286,2173077.628,0,2173077.633,
1552521600,288534712,2170576.333,0,2170576.335,
1552435200,291602328,2170144.586,0,2170144.592,
1552348800,289360621,2166846.046,0,2166846.05,
1552262400,294906101,2162702.413,0,2162702.414,
1552176000,298742471,2161042.18,0,2161042.183,
1552089600,291130979,2165830.821,0,2165830.825,
1552003200,298372549,2167617.501,0,2167617.504,
1551916800,300234603,2167915.395,0,2167915.398,
1551830400,297264208,2155181.672,0,2155181.672,
1551744000,272355791,2154202.254,0,2154202.256,
1551657600,279231398,2128125.89,0,2128125.891,
1551571200,285378345,2132713.138,0,2132713.139,
1551484800,289584850,2126954.462,0,2126954.469,
1551398400,287439574,2109029.085,0,2109029.089,
1551312000,286020068,2104016.978,0,2104016.982,
1551225600,288116847,2101202.21,0,2101202.21,
1551139200,291168045,2094432.779,0,2094432.786,
1551052800,277950650,2083275.746,0,2083275.753,
1550966400,332429429,2084458.421,0,2084458.423,
1550880000,309469884,2076421.659,0,2076421.665,
1550793600,302116100,2064198.552,0,2064198.555,
1550707200,307826633,2062766.421,0,2062766.426,
1550620800,298303629,2065814.605,0,2065814.607,
1550534400,301962641,2060756.439,0,2060756.444,
1550448000,276763920,2061095.621,0,2061095.624,
1550361600,253326835,2055223.39,0,2055223.397,
1550275200,250355718,2051759.695,0,2051759.696,
1550188800,247742415,2049999.297,0,2049999.302,
1550102400,250577143,2048705.282,0,2048705.288,
1550016000,250602692,2043567.577,1350542.323,2043567.578,
1549929600,246357789,2040061.187,0,2040061.188,
1549843200,257965003,2054188.589,0,2054188.591,
1549756800,245956461,2058902.235,0,2058902.239,
1549670400,243419179,2037151.05,0,2037151.055,
1549584000,213954531,2051337.785,0,2051337.786,
1549497600,214018477,2048023.703,0,2048023.703,
1549411200,216886585,2028304.358,0,2028304.359,
1549324800,216550306,2025727.839,0,2025727.845,
1549238400,215913780,2013933.215,0,2013933.217,
1549152000,223161354,2010462.649,0,2010462.649,
1549065600,214341106,2002626.422,0,2002626.426,
1548979200,213828467,2000453.429,0,2000453.435,
1548892800,217645907,1996018.956,0,1996018.963,
1548806400,208365810,1989172.411,0,1989172.412,
1548720000,210170626,1976030.707,0,1976030.713,
1548633600,220499775,1964013.316,0,1964013.32,
1548547200,228282493,1962369.922,0,1962369.922,
1548460800,227166658,1959684.765,0,1959684.768,
1548374400,230422972,1957714.291,0,1957714.298,
1548288000,227190196,1932382.376,0,1932382.381,
1548201600,229482928,1926485.292,0,1926485.295,
1548115200,225607279,1932893.069,0,1932893.075,
1548028800,228053623,1925965.907,0,1925965.911,
1547942400,236164412,1891585.198,0,1891585.201,
1547856000,227385130,1885917.973,0,1885917.974,
1547769600,232591922,1879986.437,0,1879986.443,
1547683200,232114410,1885269.737,0,1885269.74,
1547596800,227494258,1876705.643,0,1876705.645,
1547510400,242989347,1872894.612,0,1872894.614,
1547424000,213951626,1835549.296,0,1835549.303,
1547337600,229265210,1822023.444,0,1822023.445,
1547251200,231176519,1817997.161,0,1817997.162,
1547164800,232828607,1819542.099,0,1819542.106,
1547078400,273991015,1812469.505,0,1812469.508,
1546992000,273002991,1806770.291,0,1806770.294,
1546905600,276372453,1817163.87,0,1817163.876,
1546819200,289405312,1824634.714,0,1824634.719,
1546732800,285978041,1830493.766,0,1830493.766,
1546646400,289343960,1854293.514,0,1854293.519,
1546560000,278776160,1865472.163,0,1865472.165,
1546473600,292359794,1867278.495,0,1867278.499,
1546387200,266423182,1867539.478,0,1867539.484,
1546300800,249290972,1867487.992,0,1867487.995,
1546214400,263671316,1865642.935,0,1865642.941,
1546128000,255940054,1864093.62,0,1864093.627,
1546041600,257227764,1840891.462,0,1840891.469,
1545955200,213967753,1833171.29,0,1833171.294,
1545868800,242308681,1827227.818,0,1827227.824,
1545782400,237516094,1813238.369,14383.30222,1813238.374,
1545696000,253774938,1801483.197,14320.06555,1801483.2,
1545609600,235435843,1789570.105,14464.76479,1789570.111,
1545523200,208518631,1761732.266,14177.5437,1761732.269,
1545436800,187002950,1708725.786,14286.57334,1708725.795,
1545350400,196249656,1685559.186,14209.58451,1685559.188,
1545264000,168057718,1670055.828,14034.07738,1670055.838,
1545177600,168567652,1645525.693,13897.23738,1645525.697,
1545091200,156397696,1638701.76,13845.5236,1638701.761,
1545004800,139932518,1638745.966,13800.54878,1638745.975,
1544918400,138013163,1637749.65,13697.09453,1637749.662,
1544832000,137295901,1636423.135,13613.72192,1636423.136,
1544745600,141224608,1634733.279,13500.42324,1634733.28,
1544659200,147988820,1634874.282,13424.7709,1634874.291,
1544572800,143596158,1630847.905,13363.18593,1630847.909,
1544486400,147252489,1623511.455,13356.22983,1623511.458,
1544400000,152721106,1617465.643,13229.2611,1617465.645,
1544313600,145692425,1593311.734,13515.85115,1593311.74,
1544227200,147928505,1580263.914,13630.13638,1580263.925,
1544140800,135178560,1494841.977,13616.96955,1494841.984,
1544054400,155530593,1531265.068,13470.11079,1531265.07,
1543968000,167050432,1521129.412,13884.36859,1521129.42,
1543881600,163354005,1509322.785,13641.28301,1509322.79,
1543795200,174087714,1501144.382,13836.06688,1501144.389,
1543708800,176351452,1488197.907,13752.72323,1488197.908,
1543622400,167827770,1486912.111,13771.27647,1486912.12,
1543536000,174453797,1484965.926,13855.25738,1484965.935,
1543449600,181518715,1477203.084,13785.36878,1477203.089,
1543363200,162269478,1472366.192,13770.91858,1472366.196,
1543276800,154557309,1419389.375,13905.61244,1419389.379,
1543190400,162330473,1391245.055,13898.54423,1391245.06,
1543104000,153038541,1357446.7,13800.11967,1357446.704,
1543017600,165291961,1339806.768,13665.00795,1339806.771,
1542931200,167515516,1341949.179,13610.62344,1341949.179,
1542844800,179427443,1314486.762,13613.55905,1314486.764,
1542758400,167750337,1283083.502,13457.95031,1283083.507,
1542672000,179255493,1209388.025,12923.26391,1209388.027,
1542585600,200973716,1131927.435,12928.29245,1131927.439,
1542499200,197174675,1131756.83,12876.28518,1131756.834,
1542412800,196587570,1124385.553,12922.94771,1124385.553,
1542326400,196771286,1083840.738,12916.81501,1083840.742,
1542240000,187424063,1025744.653,12589.79262,1025744.657,
1542153600,207404517,1004720.811,12327.92559,1004720.815,
1542067200,209490543,993741.0132,11821.22199,993741.0149,
1541980800,209931453,991645.9754,11534.29481,991645.9767,
1541894400,210108750,991546.7202,13100.91957,991546.7241,
1541808000,207113114,989126.0996,13053.49821,989126.1042,
1541721600,208458790,986600.3597,12462.18101,986600.3625,
1541635200,212354038,973922.3904,12736.46898,973922.3947,
1541548800,213764298,973647.4516,12704.3098,973647.4545,
1541462400,198595472,947045.6462,12928.83429,947045.6487,
1541376000,199727880,945188.9641,12863.83234,945188.9669,
1541289600,188300637,944004.7977,12888.14198,944004.801,
1541203200,189602836,943203.8404,12869.94885,943203.8436,
1541116800,187145613,941707.9102,12712.67461,941707.9153,
1541030400,186039929,940307.9555,11967.77308,940307.9604,
1540944000,184167159,938574.8599,11931.57218,938574.8615,
1540857600,183351615,937045.1014,10925.97725,937045.1041,
1540771200,189569112,930491.8863,10799.58243,930491.8889,
1540684800,188050120,927314.5619,10596.21126,927314.5659,
1540598400,188165603,925237.7588,10427.87364,925237.7616,
1540512000,185674033,922695.5871,10351.72909,922695.589,
1540425600,186661713,919833.0114,10291.81604,919833.0138,
1540339200,186108059,913637.9921,10553.70124,913637.9954,
1540252800,179387580,881078.4872,10843.3292,881078.4921,
1540166400,179958897,878834.2872,10797.05479,878834.2911,
1540080000,180227101,878813.6386,10914.00574,878813.6405,
1539993600,178196645,878421.7934,10475.93009,878421.7967,
1539907200,177635861,877257.4498,10395.12896,877257.4514,
1539820800,181623951,874874.5231,10294.86916,874874.5261,
1539734400,183488574,872840.7097,10265.4293,872840.7103,
1539648000,183822602,872023.7287,10255.18281,872023.73,
1539561600,167676458,859923.3704,10187.85991,859923.3728,
1539475200,171247808,858600.1905,9866.288165,858600.1931,
1539388800,168185755,858221.9472,9512.185635,858221.9481,
1539302400,160901961,847610.8149,9491.816655,847610.8159,
1539216000,186316170,827116.0881,9523.233622,827116.092,
1539129600,187922644,826069.9108,9399.605591,826069.9126,
1539043200,189114514,824639.2273,9301.290725,824639.2308,
1538956800,185398053,821617.7842,8984.959486,821617.7846,
1538870400,183159357,815418.7383,8459.395224,815418.742,
1538784000,185770695,815141.2681,8362.825241,815141.2687,
1538697600,179683009,810258.879,8244.021933,810258.8817,
1538611200,177350870,806250.2614,8339.154942,806250.2625,
1538524800,181062778,803224.1061,8305.563746,803224.1089,
1538438400,185157767,801895.916,10405.49796,801895.9163,
1538352000,186439694,801546.4058,10361.27811,801546.4089,
1538265600,185600475,802353.774,10357.27199,802353.7771,
1538179200,177718068,802121.6285,10307.32589,802121.631,
1538092800,183680100,801781.396,12241.61926,801781.3983,
1538006400,171672854,801423.1548,12860.75464,801423.1558,
1537920000,175222337,799371.9754,12831.82354,799371.9791,
1537833600,177646611,779425.2852,12880.02527,779425.2889,
1537747200,189848012,776315.7309,12881.62792,776315.7347,
1537660800,186564009,774831.834,12881.18549,774831.8374,
1537574400,191255653,772157.3459,12954.35904,772157.3493,
1537488000,173513138,771992.9614,13141.27073,771992.9636,
1537401600,161824283,771399.9571,13145.58984,771399.9585,
1537315200,160579966,770574.2406,15067.98615,770574.2407,
1537228800,150831897,769393.4758,16014.93996,769393.4774,
1537142400,165088892,749994.9664,16062.51151,749994.9697,
1537056000,165728437,747804.5167,16214.83102,747804.521,
1536969600,155402514,744015.4833,16617.97984,744015.4876,
1536883200,156030338,738535.2298,16647.33786,738535.2324,
1536796800,134686022,735868.5571,16651.08007,735868.5606,
1536710400,131190148,708561.4259,17208.3306,708561.4283,
1536624000,131430479,666719.8245,17672.01001,666719.825,
1536537600,123685759,631081.9889,17629.38914,631081.9898,
1536451200,116485958,591990.4355,17773.00063,591990.4379,
1536364800,115873338,538595.0451,17740.26309,538595.048,
1536278400,113124951,492790.3424,14996.16728,492790.3466,
1536192000,116527277,510480.0324,14989.23452,510480.0338,
1536105600,143796210,504141.2544,15109.38186,504141.2571,
1536019200,144948557,501604.17,15118.6374,501604.1712,
1535932800,147905561,501340.7938,15108.99198,501340.7939,
1535846400,147874307,500657.865,15369.93892,500657.8657,
1535760000,140765731,499789.5651,15382.35209,499789.5661,
1535673600,142082671,500026.9963,15339.59626,500026.9994,
1535587200,144287471,499835.3518,15325.13967,499835.3521,
1535500800,147658500,499605.8197,14895.97557,499605.8203,
1535414400,143706423,498945.9864,14899.59832,498945.9872,
1535328000,136310700,496940.2114,0,496940.2125,
1535241600,137828550,496572.0925,0,496572.0951,
1535155200,139707152,496524.6899,0,496524.6908,
1535068800,135650509,491790.2657,0,491790.2665,
1534982400,131694911,487109.4504,0,487109.4528,
1534896000,135535408,482109.3729,0,482109.3756,
1534809600,129506891,478308.8012,0,478308.803,
1534723200,142706094,476290.281,0,476290.2843,
1534636800,139997011,474807.5666,0,474807.5695,
1534550400,150487943,473873.2972,0,473873.2989,
1534464000,135959221,474055.8612,0,474055.8628,
1534377600,133272442,473874.4204,0,473874.4212,
1534291200,130869238,470228.2994,0,470228.3013,
1534204800,132090826,465059.4163,0,465059.4171,
1534118400,138778002,436120.807,0,436120.8083,
1534032000,137330226,431869.6374,0,431869.6375,
1533945600,135403296,408382.4828,0,408382.4852,
1533859200,145849421,401225.3336,0,401225.3358,
1533772800,139214942,391526.1186,0,391526.1213,
1533686400,134952295,357073.3317,0,357073.3329,
1533600000,144790817,357552.3324,0,357552.3337,
1533513600,145637794,356274.2649,0,356274.2662,
1533427200,144702145,355612.1624,0,355612.1641,
1533340800,148211569,354895.7641,0,354895.7662,
1533254400,144849379,352577.414,0,352577.4149,
1533168000,147599621,351536.478,0,351536.4783,
1533081600,151178453,349974.4265,0,349974.4279,
1532995200,158773828,347761.1442,0,347761.1461,
1532908800,161801107,347063.7216,0,347063.7221,
1532822400,162969261,347816.1584,0,347816.1588,
1532736000,163255853,347582.135,0,347582.136,
1532649600,160169035,346663.7123,0,346663.7124,
1532563200,163301661,346469.9064,0,346469.9069,
1532476800,165953627,346212.7655,0,346212.7675,
1532390400,155555596,345963.5612,0,345963.5614,
1532304000,158077425,345411.1767,0,345411.1772,
1532217600,159124675,345142.8835,0,345142.8854,
1532131200,154773419,344829.8258,0,344829.8264,
1532044800,160907126,343341.7817,0,343341.7836,
1531958400,163583853,341489.7877,0,341489.789,
1531872000,169759133,340157.7626,0,340157.7626,
1531785600,162613946,339621.0313,0,339621.0328,
1531699200,152249103,338617.2835,0,338617.2841,
1531612800,146674885,338163.1507,0,338163.1524,
1531526400,145474137,336387.4971,0,336387.4993,
1531440000,144713809,335833.0255,0,335833.0266,
1531353600,149418285,335326.8363,0,335326.8376,
1531267200,144266138,333416.8527,0,333416.854,
1531180800,155948321,330763.3855,0,330763.3875,
1531094400,160580465,330283.3563,0,330283.3571,
1531008000,159554704,328423.4984,0,328423.5004,
1530921600,153890385,327475.124,0,327475.1242,
1530835200,153522009,328354.206,0,328354.2076,
1530748800,152994670,327478.4777,0,327478.4787,
1530662400,151109510,327225.6004,252706.4007,327225.6015,
1530576000,155285884,325833.8243,0,325833.8251,
1530489600,146445036,324022.117,0,324022.1184,
1530403200,146839093,323854.9944,0,323854.9964,
1530316800,140414716,322599.6324,0,322599.6343,
1530230400,110810164,263394.7326,0,263394.7336,
1530144000,111603544,252639.6016,0,252639.6035,
1530057600,107156285,249264.4281,0,249264.4301,
1529971200,113807394,248049.0704,0,248049.0724,
1529884800,112778067,247727.7694,0,247727.7708,
1529798400,109479709,230882.1734,0,230882.1743,
1529712000,106858260,231214.8607,0,231214.8624,
1529625600,120773730,229721.4022,0,229721.4031,
1529539200,122773906,228987.4403,0,228987.4405,
1529452800,122428299,227371.7133,0,227371.7145,
1529366400,117361025,226727.6336,0,226727.6336,
1529280000,112436745,226303.7296,0,226303.7306,
1529193600,112593063,226445.1611,0,226445.1629,
1529107200,110318369,226289.4484,0,226289.4502,
1529020800,117338718,225725.1755,0,225725.1765,
1528934400,107104462,224867.6506,0,224867.6526,
1528848000,109509152,221440.8671,0,221440.8682,
1528761600,115584700,217612.1623,0,217612.1624,
1528675200,113484801,216272.7517,0,216272.7527,
1528588800,128117095,215921.623,0,215921.6233,
1528502400,129525456,216037.7883,0,216037.7898,
1528416000,130336433,215631.7137,0,215631.7153,
1528329600,130443831,215147.338,0,215147.3384,
1528243200,130137438,213971.4535,0,213971.4536,
1528156800,126308158,213607.343,0,213607.3439,
1528070400,131911828,213094.4025,0,213094.4041,
1527984000,125701924,212862.8927,0,212862.8938,
1527897600,122725201,211956.9627,0,211956.9643,
1527811200,122353528,211966.6823,0,211966.684,
1527724800,116927883,209879.1697,0,209879.1705,
1527638400,118710852,209477.4166,0,209477.4174,
1527552000,101555507,198338.9782,0,198338.9787,
1527465600,109359124,191979.3624,0,191979.3625,
1527379200,110594941,188805.8949,0,188805.8966,
1527292800,109781754,187734.9283,0,187734.9298,
1527206400,112389532,186489.1182,0,186489.1191,
1527120000,106793110,185080.1719,0,185080.1724,
1527033600,121859574,190072.9567,0,190072.9576,
1526947200,130876406,187843.7931,0,187843.7937,
1526860800,133981533,187347.4558,0,187347.4566,
1526774400,130427089,187381.7815,0,187381.7816,
1526688000,129461462,186659.547,0,186659.548,
1526601600,124461623,186205.5071,0,186205.5086,
1526515200,130959734,185309.015,0,185309.0161,
1526428800,130540565,184995.9824,0,184995.9832,
1526342400,134202962,184494.2495,0,184494.2503,
1526256000,134393483,184267.2594,0,184267.2602,
1526169600,125493564,183566.7369,0,183566.7372,
1526083200,123245281,181831.3382,0,181831.3395,
1525996800,130456345,180280.4541,0,180280.4552,
1525910400,134359487,178843.1416,0,178843.1419,
1525824000,132981696,177832.9424,0,177832.9426,
1525737600,131407543,174653.4949,0,174653.4962,
1525651200,136946199,173264.0836,0,173264.084,
1525564800,140987452,172653.9047,0,172653.905,
1525478400,135688800,173030.5156,0,173030.5167,
1525392000,134329607,172709.0013,0,172709.002,
1525305600,119568477,174110.2557,0,174110.2557,
1525219200,116718211,173995.9318,0,173995.9321,
1525132800,117070334,174721.4107,0,174721.4108,
1525046400,122075199,177097.6759,0,177097.6759,
1524960000,120779492,176831.5598,0,176831.561,
1524873600,113112968,175881.5897,0,175881.5907,
1524787200,110401997,166919.153,0,166919.1542,
1524700800,102248528,165552.4886,0,165552.4889,
1524614400,113612617,161519.2167,0,161519.2177,
1524528000,104270107,161877.4269,0,161877.4275,
1524441600,101516839,163386.347,0,163386.3473,
1524355200,99075555,163715.2453,0,163715.2462,
1524268800,100636891,163061.8646,0,163061.8658,
1524182400,92131363,162417.5637,0,162417.564,
1524096000,85105842,161865.8793,0,161865.881,
1524009600,79851246,158740.5244,0,158740.5251,
1523923200,80768224,157852.1782,0,157852.1791,
1523836800,83572112,156455.2044,0,156455.2047,
1523750400,78503607,156135.9753,0,156135.9759,
1523664000,77154044,155879.3519,0,155879.3521,
1523577600,75788629,153433.8071,0,153433.8074,1.00156212
1523491200,62964438,146296.2383,0,146296.2393,1.001591512
1523404800,59709438,143653.1649,0,143653.1656,1.003309249
1523318400,56577256,141790.5268,0,141790.5286,1.000488541
1523232000,55980569,139699.9626,0,139699.9633,1.003603617
1523145600,53318482,138496.7583,0,138496.7594,1.005372536
1523059200,51370854,138708.9348,0,138708.9351,1.00350856
1522972800,52570548,137824.8905,0,137824.8906,1.003981562
1522886400,51684598,136497.0236,0,136497.026,1.005306968
1522800000,56060688,134783.9492,0,134783.9503,1.01
1522713600,51728100,134470.469,0,134470.4699,1.01
1522627200,49408695,130417.5663,0,130417.5686,1
1522540800,50014192,126917.0249,0,126917.0263,1
1522454400,50857961,129136.8382,0,129136.84,1
1522368000,44415394,115677.1382,1300612.797,115677.1397,1.01
1522281600,47381630,106253.5151,0,106253.5171,1
1522195200,46763513,104201.4194,0,104201.4207,1
1522108800,49153918,101110.6225,0,101110.6236,1
1522022400,51903960,99248.44637,0,99248.44782,1
1521936000,51533602,99070.69227,0,99070.69259,1.01
1521849600,53821634,98965.93483,0,98965.93601,1
1521763200,53242672,98617.62952,0,98617.62997,1
1521676800,54819546,97907.78161,0,97907.78308,1
1521590400,54184958,97180.54773,0,97180.54881,1
1521504000,53549182,96389.49149,0,96389.49323,1
1521417600,49646854,92386.8659,0,92386.86684,1
1521331200,52580308,95637.07597,0,95637.07726,1
1521244800,56639904,94316.52707,0,94316.52846,1
1521158400,56241897,92100.18177,0,92100.1832,1.002951613
1521072000,53955302,87996.90451,0,87996.90497,1.001238439
1520985600,57724978,83664.23851,0,83664.23991,1.001280161
1520899200,58347958,83712.9957,0,83712.99693,1.002860465
1520812800,59920266,83179.84647,0,83179.84727,1.005018355
1520726400,56012185,82093.19214,0,82093.19353,1.005223864
1520640000,59413054,81750.58341,0,81750.58471,1.00762668
1520553600,56995058,81557.82952,0,81557.83026,1.007048172
1520467200,62164474,82761.27168,0,82761.27199,1.006867257
1520380800,65697637,80546.35812,0,80546.35845,1.008748672
1520294400,68355730,80459.20878,0,80459.20884,1.008885183
1520208000,69634555,80509.82172,0,80509.82246,1.008483654
1520121600,68631561,80209.85333,0,80209.85377,1.007386723
1520035200,68568645,80141.00631,0,80141.00736,1.008042821
1519948800,68913354,79225.3219,0,79225.32236,1.008672461
1519862400,67861854,79696.83382,0,79696.83482,0.998374076
1519776000,68499277,78591.16901,0,78591.16996,1.0000409
1519689600,67804094,78149.5286,0,78149.5296,1.006207553
1519603200,62911668,74869.88623,0,74869.88697,1.007020361
1519516800,60925577,73096.95017,0,73096.95133,1.01520339
1519430400,62316468,72910.34047,0,72910.34048,1.007953086
1519344000,57727468,71745.89926,0,71745.89944,1.005532003
1519257600,60337310,71813.88734,0,71813.88764,1.006414424
1519171200,63315672,71501.12025,0,71501.12093,0.996785736
1519084800,67097585,71396.35983,0,71396.36034,0.997638359
1518998400,65413835,71576.5784,0,71576.57867,1.010081054
1518912000,69573571,71373.61353,0,71373.61407,1.007151885
1518825600,67580212,72053.2796,0,72053.28052,1.00771656
1518739200,66744082,71926.3775,0,71926.37755,1.008417473
1518652800,60356395,65596.93406,0,65596.93453,1.008729902
1518566400,54141957,64378.83566,0,64378.83574,1.006505005
1518480000,54751778,63276.37065,0,63276.37178,1.005927965
1518393600,50810778,62638.87718,0,62638.87823,1.007705634
1518307200,52493275,61684.94929,0,61684.94988,1.010820546
1518220800,53485173,60940.65242,0,60940.65265,1.006830042
1518134400,43446862,53404.04646,0,53404.04657,1.01003326
1518048000,40003708,53206.32565,0,53206.32593,1.007768086
1517961600,41310648,52614.30536,0,52614.30567,1.006924153
1517875200,34472007,49596.44198,0,49596.4424,1.012309262
1517788800,35787994,43309.04228,0,43309.04325,1.012551761
1517702400,40362907,41573.95635,0,41573.95641,1.010275044
1517616000,37483666,40855.46775,0,40855.46808,1.007463935
1517529600,39840808,38824.00725,0,38824.00765,1.012921988
1517443200,42563260,38300.76758,0,38300.7684,1.010244178
1517356800,40799294,38353.49183,0,38353.49256,1.015543885
1517270400,44334427,37894.61596,0,37894.61631,1.005975178
1517184000,45743460,37142.39548,0,37142.39592,1.012452443
1517097600,41189194,37138.16316,0,37138.16325,1.015187847
1517011200,38940603,37136.51128,0,37136.51219,1.008789525
1516924800,38795638,37076.4051,0,37076.40522,1.010984413
1516838400,39966586,37647.14537,0,37647.14605,1.0172993
1516752000,36899711,37481.42268,0,37481.42327,1.017398477
1516665600,37032274,37041.53438,0,37041.53466,1.015341376
1516579200,38511645,36709.57211,0,36709.57274,1.013999421
1516492800,41833858,36361.4585,1350542.323,36361.45863,1.007195845
1516406400,37567835,36214.84827,0,36214.84921,1.01422567
1516320000,36785883,36314.87902,0,36314.87948,1.008676914
1516233600,37226983,36322.55147,0,36322.55244,1.011644244
1516147200,33626966,32017.7537,0,32017.75381,1.014317865
1516060800,41437425,32405.90052,0,32405.90113,1.013804003
1515974400,44042660,32399.07899,0,32399.07943,1.023841279
1515888000,44832533,32369.5925,0,32369.59314,1.018954733
1515801600,40605219,32199.27601,0,32199.2761,1.01337436
1515715200,38007531,33359.83832,0,33359.8385,1.027458645
1515628800,41691798,33381.21157,0,33381.21195,1.034690193
1515542400,43666194,33869.71704,0,33869.71748,1.027799536
1515456000,38346735,33752.66039,0,33752.66063,1.031177301
1515369600,37440773,33496.55379,0,33496.55456,1.039738499
1515283200,33570675,33356.85754,0,33356.8584,1.04175277
1515196800,31303741,32367.66619,0,32367.66653,1.032585788
1515110400,30806805,32605.65922,0,32605.65981,1.030477678
1515024000,27178901,28882.99787,0,28882.99873,1.027051754
1514937600,23440218,27193.77473,0,27193.77576,1.021212824
1514851200,20294331,26838.3181,0,26838.31856,1.028545335
1514764800,19831931,26760.48928,0,26760.49024,1.023869279
1514678400,18353968,26485.18449,0,26485.18568,1.014731018
1514592000,19503672,26370.56787,0,26370.56847,1.009450545
1514505600,18837350,26283.81867,0,26283.81948,1.014719647
1514419200,19482374,26330.02311,0,26330.02368,1.022279339
1514332800,17761816,23574.29391,0,23574.29399,1.017255033
1514246400,17246500,23849.46207,0,23849.46269,1.024808669
1514160000,16046106,23734.03443,0,23734.03464,1.015276859
1514073600,14470177,20658.69596,0,20658.69617,1.013906422
1513987200,12387117,18830.84325,0,18830.84419,1.017005515
1513900800,12349795,15644.73201,0,15644.73269,1.013550978
1513814400,11334684,14183.06994,0,14183.07062,1.014962707
1513728000,5070350,6240.430769,0,6240.431314,1.005024456
1513641600,1906982,2425.661117,0,2425.662,1.007399674
1513555200,0,0,0,,1.002120536