f0_,Record Count,count
2015. 8. 7.,1,2050
2015. 8. 8.,1,2881
2015. 8. 9.,1,1329
2015. 8. 10.,1,2037
2015. 8. 11.,1,4963
2015. 8. 12.,1,2036
2015. 8. 13.,1,2842
2015. 8. 14.,1,3174
2015. 8. 15.,1,2284
2015. 8. 16.,1,2440
2015. 8. 17.,1,2512
2015. 8. 18.,1,2494
2015. 8. 19.,1,3246
2015. 8. 20.,1,2303
2015. 8. 21.,1,3919
2015. 8. 22.,1,3579
2015. 8. 23.,1,4190
2015. 8. 24.,1,4432
2015. 8. 25.,1,4487
2015. 8. 26.,1,4156
2015. 8. 27.,1,5590
2015. 8. 28.,1,4758
2015. 8. 29.,1,4139
2015. 8. 30.,1,4572
2015. 8. 31.,1,5196
2015. 9. 1.,1,5153
2015. 9. 2.,1,5195
2015. 9. 3.,1,4777
2015. 9. 4.,1,5642
2015. 9. 5.,1,5519
2015. 9. 6.,1,5521
2015. 9. 7.,1,5702
2015. 9. 8.,1,5622
2015. 9. 9.,1,5604
2015. 9. 10.,1,5341
2015. 9. 11.,1,6460
2015. 9. 12.,1,5596
2015. 9. 13.,1,6057
2015. 9. 14.,1,5572
2015. 9. 15.,1,5409
2015. 9. 16.,1,5872
2015. 9. 17.,1,5368
2015. 9. 18.,1,5802
2015. 9. 19.,1,5205
2015. 9. 20.,1,6402
2015. 9. 21.,1,6305
2015. 9. 22.,1,6804
2015. 9. 23.,1,7404
2015. 9. 24.,1,6224
2015. 9. 25.,1,5851
2015. 9. 26.,1,5907
2015. 9. 27.,1,5760
2015. 9. 28.,1,6123
2015. 9. 29.,1,5738
2015. 9. 30.,1,5870
2015. 10. 1.,1,6421
2015. 10. 2.,1,6063
2015. 10. 3.,1,6112
2015. 10. 4.,1,6624
2015. 10. 5.,1,6279
2015. 10. 6.,1,6458
2015. 10. 7.,1,7121
2015. 10. 8.,1,6926
2015. 10. 9.,1,6763
2015. 10. 10.,1,6529
2015. 10. 11.,1,6023
2015. 10. 12.,1,6593
2015. 10. 13.,1,6818
2015. 10. 14.,1,6830
2015. 10. 15.,1,6499
2015. 10. 16.,1,6795
2015. 10. 17.,1,6567
2015. 10. 18.,1,6481
2015. 10. 19.,1,6604
2015. 10. 20.,1,5897
2015. 10. 21.,1,6182
2015. 10. 22.,1,5979
2015. 10. 23.,1,6888
2015. 10. 24.,1,6361
2015. 10. 25.,1,5830
2015. 10. 26.,1,5938
2015. 10. 27.,1,6784
2015. 10. 28.,1,7346
2015. 10. 29.,1,7836
2015. 10. 30.,1,7941
2015. 10. 31.,1,7557
2015. 11. 1.,1,6915
2015. 11. 2.,1,6558
2015. 11. 3.,1,7399
2015. 11. 4.,1,7037
2015. 11. 5.,1,7498
2015. 11. 6.,1,7882
2015. 11. 7.,1,10996
2015. 11. 8.,1,12413
2015. 11. 9.,1,7689
2015. 11. 10.,1,8151
2015. 11. 11.,1,10217
2015. 11. 12.,1,9534
2015. 11. 13.,1,7891
2015. 11. 14.,1,7211
2015. 11. 15.,1,7170
2015. 11. 16.,1,7442
2015. 11. 17.,1,7145
2015. 11. 18.,1,7373
2015. 11. 19.,1,8876
2015. 11. 20.,1,6348
2015. 11. 21.,1,6822
2015. 11. 22.,1,7083
2015. 11. 23.,1,8260
2015. 11. 24.,1,7152
2015. 11. 25.,1,7098
2015. 11. 26.,1,7278
2015. 11. 27.,1,6639
2015. 11. 28.,1,6817
2015. 11. 29.,1,6853
2015. 11. 30.,1,8986
2015. 12. 1.,1,6794
2015. 12. 2.,1,6502
2015. 12. 3.,1,6971
2015. 12. 4.,1,6898
2015. 12. 5.,1,6784
2015. 12. 6.,1,9103
2015. 12. 7.,1,7141
2015. 12. 8.,1,6697
2015. 12. 9.,1,7001
2015. 12. 10.,1,7444
2015. 12. 11.,1,8105
2015. 12. 12.,1,8205
2015. 12. 13.,1,7426
2015. 12. 14.,1,15550
2015. 12. 15.,1,21098
2015. 12. 16.,1,10304
2015. 12. 17.,1,9612
2015. 12. 18.,1,9032
2015. 12. 19.,1,9314
2015. 12. 20.,1,9879
2015. 12. 21.,1,12063
2015. 12. 22.,1,21027
2015. 12. 23.,1,22740
2015. 12. 24.,1,13494
2015. 12. 25.,1,9521
2015. 12. 26.,1,10726
2015. 12. 27.,1,21867
2015. 12. 28.,1,12368
2015. 12. 29.,1,11358
2015. 12. 30.,1,21767
2015. 12. 31.,1,10301
2016. 1. 1.,1,8233
2016. 1. 2.,1,9164
2016. 1. 3.,1,9258
2016. 1. 4.,1,9474
2016. 1. 5.,1,16430
2016. 1. 6.,1,17074
2016. 1. 7.,1,22075
2016. 1. 8.,1,10919
2016. 1. 9.,1,11793
2016. 1. 10.,1,10320
2016. 1. 11.,1,10893
2016. 1. 12.,1,10862
2016. 1. 13.,1,17665
2016. 1. 14.,1,10653
2016. 1. 15.,1,9875
2016. 1. 16.,1,10664
2016. 1. 17.,1,9747
2016. 1. 18.,1,12916
2016. 1. 19.,1,13420
2016. 1. 20.,1,10610
2016. 1. 21.,1,10734
2016. 1. 22.,1,13848
2016. 1. 23.,1,11025
2016. 1. 24.,1,12798
2016. 1. 25.,1,17121
2016. 1. 26.,1,16511
2016. 1. 27.,1,18747
2016. 1. 28.,1,16765
2016. 1. 29.,1,16395
2016. 1. 30.,1,14661
2016. 1. 31.,1,14166
2016. 2. 1.,1,14199
2016. 2. 2.,1,14291
2016. 2. 3.,1,14274
2016. 2. 4.,1,14371
2016. 2. 5.,1,15249
2016. 2. 6.,1,31418
2016. 2. 7.,1,14264
2016. 2. 8.,1,14719
2016. 2. 9.,1,15517
2016. 2. 10.,1,17141
2016. 2. 11.,1,21440
2016. 2. 12.,1,18109
2016. 2. 13.,1,19327
2016. 2. 14.,1,16624
2016. 2. 15.,1,17159
2016. 2. 16.,1,17549
2016. 2. 17.,1,19990
2016. 2. 18.,1,16969
2016. 2. 19.,1,18412
2016. 2. 20.,1,16714
2016. 2. 21.,1,17119
2016. 2. 22.,1,18190
2016. 2. 23.,1,18482
2016. 2. 24.,1,19540
2016. 2. 25.,1,19503
2016. 2. 26.,1,21068
2016. 2. 27.,1,18981
2016. 2. 28.,1,19063
2016. 2. 29.,1,20358
2016. 3. 1.,1,21778
2016. 3. 2.,1,23562
2016. 3. 3.,1,24837
2016. 3. 4.,1,24287
2016. 3. 5.,1,27115
2016. 3. 6.,1,27661
2016. 3. 7.,1,23271
2016. 3. 8.,1,24105
2016. 3. 9.,1,24557
2016. 3. 10.,1,24814
2016. 3. 11.,1,23124
2016. 3. 12.,1,27887
2016. 3. 13.,1,28127
2016. 3. 14.,1,28528
2016. 3. 15.,1,29273
2016. 3. 16.,1,27596
2016. 3. 17.,1,33531
2016. 3. 18.,1,31821
2016. 3. 19.,1,34779
2016. 3. 20.,1,32447
2016. 3. 21.,1,32511
2016. 3. 22.,1,32890
2016. 3. 23.,1,31786
2016. 3. 24.,1,36947
2016. 3. 25.,1,36762
2016. 3. 26.,1,36646
2016. 3. 27.,1,29974
2016. 3. 28.,1,33613
2016. 3. 29.,1,33915
2016. 3. 30.,1,36767
2016. 3. 31.,1,32259
2016. 4. 1.,1,33320
2016. 4. 2.,1,29358
2016. 4. 3.,1,29588
2016. 4. 4.,1,34907
2016. 4. 5.,1,39173
2016. 4. 6.,1,32078
2016. 4. 7.,1,31893
2016. 4. 8.,1,34010
2016. 4. 9.,1,31923
2016. 4. 10.,1,32237
2016. 4. 11.,1,30327
2016. 4. 12.,1,34673
2016. 4. 13.,1,36051
2016. 4. 14.,1,34781
2016. 4. 15.,1,34959
2016. 4. 16.,1,30483
2016. 4. 17.,1,40203
2016. 4. 18.,1,33513
2016. 4. 19.,1,32622
2016. 4. 20.,1,32944
2016. 4. 21.,1,37181
2016. 4. 22.,1,31678
2016. 4. 23.,1,31845
2016. 4. 24.,1,34046
2016. 4. 25.,1,35430
2016. 4. 26.,1,32582
2016. 4. 27.,1,33847
2016. 4. 28.,1,34343
2016. 4. 29.,1,37332
2016. 4. 30.,1,45769
2016. 5. 1.,1,39578
2016. 5. 2.,1,41748
2016. 5. 3.,1,37821
2016. 5. 4.,1,37484
2016. 5. 5.,1,38707
2016. 5. 6.,1,41271
2016. 5. 7.,1,35864
2016. 5. 8.,1,40063
2016. 5. 9.,1,38560
2016. 5. 10.,1,40684
2016. 5. 11.,1,40811
2016. 5. 12.,1,45002
2016. 5. 13.,1,47739
2016. 5. 14.,1,45745
2016. 5. 15.,1,43073
2016. 5. 16.,1,37424
2016. 5. 17.,1,40309
2016. 5. 18.,1,46033
2016. 5. 19.,1,44523
2016. 5. 20.,1,45177
2016. 5. 21.,1,43621
2016. 5. 22.,1,38895
2016. 5. 23.,1,43806
2016. 5. 24.,1,42911
2016. 5. 25.,1,46443
2016. 5. 26.,1,51147
2016. 5. 27.,1,49006
2016. 5. 28.,1,70148
2016. 5. 29.,1,45890
2016. 5. 30.,1,42927
2016. 5. 31.,1,44386
2016. 6. 1.,1,42221
2016. 6. 2.,1,39666
2016. 6. 3.,1,39834
2016. 6. 4.,1,37875
2016. 6. 5.,1,37896
2016. 6. 6.,1,38957
2016. 6. 7.,1,46141
2016. 6. 8.,1,40433
2016. 6. 9.,1,39854
2016. 6. 10.,1,40145
2016. 6. 11.,1,36901
2016. 6. 12.,1,42581
2016. 6. 13.,1,46185
2016. 6. 14.,1,50335
2016. 6. 15.,1,43251
2016. 6. 16.,1,43392
2016. 6. 17.,1,66558
2016. 6. 18.,1,63083
2016. 6. 19.,1,51035
2016. 6. 20.,1,47118
2016. 6. 21.,1,47323
2016. 6. 22.,1,48615
2016. 6. 23.,1,41908
2016. 6. 24.,1,45331
2016. 6. 25.,1,36684
2016. 6. 26.,1,41613
2016. 6. 27.,1,39663
2016. 6. 28.,1,43089
2016. 6. 29.,1,49897
2016. 6. 30.,1,63952
2016. 7. 1.,1,40085
2016. 7. 2.,1,39257
2016. 7. 3.,1,39757
2016. 7. 4.,1,39950
2016. 7. 5.,1,39270
2016. 7. 6.,1,37900
2016. 7. 7.,1,40433
2016. 7. 8.,1,42506
2016. 7. 9.,1,40410
2016. 7. 10.,1,39358
2016. 7. 11.,1,38582
2016. 7. 12.,1,40811
2016. 7. 13.,1,35740
2016. 7. 14.,1,42809
2016. 7. 15.,1,41110
2016. 7. 16.,1,38062
2016. 7. 17.,1,33914
2016. 7. 18.,1,39198
2016. 7. 19.,1,44184
2016. 7. 20.,1,50631
2016. 7. 21.,1,44882
2016. 7. 22.,1,48458
2016. 7. 23.,1,45006
2016. 7. 24.,1,58215
2016. 7. 25.,1,54856
2016. 7. 26.,1,61930
2016. 7. 27.,1,53035
2016. 7. 28.,1,48555
2016. 7. 29.,1,47243
2016. 7. 30.,1,42011
2016. 7. 31.,1,48749
2016. 8. 1.,1,45978
2016. 8. 2.,1,49041
2016. 8. 3.,1,49475
2016. 8. 4.,1,46761
2016. 8. 5.,1,43212
2016. 8. 6.,1,41487
2016. 8. 7.,1,42955
2016. 8. 8.,1,42984
2016. 8. 9.,1,47057
2016. 8. 10.,1,46290
2016. 8. 11.,1,48171
2016. 8. 12.,1,44400
2016. 8. 13.,1,41088
2016. 8. 14.,1,40577
2016. 8. 15.,1,42302
2016. 8. 16.,1,48949
2016. 8. 17.,1,44867
2016. 8. 18.,1,47799
2016. 8. 19.,1,42948
2016. 8. 20.,1,41318
2016. 8. 21.,1,42543
2016. 8. 22.,1,44250
2016. 8. 23.,1,48430
2016. 8. 24.,1,46821
2016. 8. 25.,1,49868
2016. 8. 26.,1,47292
2016. 8. 27.,1,47938
2016. 8. 28.,1,42607
2016. 8. 29.,1,45510
2016. 8. 30.,1,46979
2016. 8. 31.,1,45846
2016. 9. 1.,1,47491
2016. 9. 2.,1,55413
2016. 9. 3.,1,44792
2016. 9. 4.,1,48128
2016. 9. 5.,1,42667
2016. 9. 6.,1,49102
2016. 9. 7.,1,48701
2016. 9. 8.,1,55970
2016. 9. 9.,1,53918
2016. 9. 10.,1,42875
2016. 9. 11.,1,43345
2016. 9. 12.,1,45123
2016. 9. 13.,1,42591
2016. 9. 14.,1,53859
2016. 9. 15.,1,52622
2016. 9. 16.,1,57532
2016. 9. 17.,1,46882
2016. 9. 18.,1,37893
2016. 9. 19.,1,40505
2016. 9. 20.,1,54067
2016. 9. 21.,1,44549
2016. 9. 22.,1,52657
2016. 9. 23.,1,35219
2016. 9. 24.,1,43418
2016. 9. 25.,1,38713
2016. 9. 26.,1,43514
2016. 9. 27.,1,46817
2016. 9. 28.,1,42797
2016. 9. 29.,1,40416
2016. 9. 30.,1,35836
2016. 10. 1.,1,53076
2016. 10. 2.,1,51105
2016. 10. 3.,1,47672
2016. 10. 4.,1,56662
2016. 10. 5.,1,41719
2016. 10. 6.,1,36826
2016. 10. 7.,1,43708
2016. 10. 8.,1,37690
2016. 10. 9.,1,43940
2016. 10. 10.,1,44940
2016. 10. 11.,1,41053
2016. 10. 12.,1,30002
2016. 10. 13.,1,32244
2016. 10. 14.,1,42006
2016. 10. 15.,1,33662
2016. 10. 16.,1,34990
2016. 10. 17.,1,38136
2016. 10. 18.,1,51898
2016. 10. 19.,1,38497
2016. 10. 20.,1,43438
2016. 10. 21.,1,57780
2016. 10. 22.,1,37772
2016. 10. 23.,1,35364
2016. 10. 24.,1,52547
2016. 10. 25.,1,47610
2016. 10. 26.,1,45158
2016. 10. 27.,1,44353
2016. 10. 28.,1,41522
2016. 10. 29.,1,40011
2016. 10. 30.,1,39435
2016. 10. 31.,1,45031
2016. 11. 1.,1,49025
2016. 11. 2.,1,43519
2016. 11. 3.,1,42346
2016. 11. 4.,1,32572
2016. 11. 5.,1,37690
2016. 11. 6.,1,34391
2016. 11. 7.,1,41941
2016. 11. 8.,1,41569
2016. 11. 9.,1,40517
2016. 11. 10.,1,40164
2016. 11. 11.,1,41070
2016. 11. 12.,1,40882
2016. 11. 13.,1,43673
2016. 11. 14.,1,43876
2016. 11. 15.,1,45330
2016. 11. 16.,1,41684
2016. 11. 17.,1,40738
2016. 11. 18.,1,43785
2016. 11. 19.,1,39289
2016. 11. 20.,1,42125
2016. 11. 21.,1,42735
2016. 11. 22.,1,53585
2016. 11. 23.,1,64289
2016. 11. 24.,1,36861
2016. 11. 25.,1,58075
2016. 11. 26.,1,40804
2016. 11. 27.,1,44449
2016. 11. 28.,1,48388
2016. 11. 29.,1,47036
2016. 11. 30.,1,39178
2016. 12. 1.,1,37121
2016. 12. 2.,1,41642
2016. 12. 3.,1,41357
2016. 12. 4.,1,39643
2016. 12. 5.,1,41613
2016. 12. 6.,1,48200
2016. 12. 7.,1,41757
2016. 12. 8.,1,39587
2016. 12. 9.,1,41444
2016. 12. 10.,1,40564
2016. 12. 11.,1,39164
2016. 12. 12.,1,38741
2016. 12. 13.,1,44664
2016. 12. 14.,1,47294
2016. 12. 15.,1,46102
2016. 12. 16.,1,43953
2016. 12. 17.,1,39442
2016. 12. 18.,1,36640
2016. 12. 19.,1,45599
2016. 12. 20.,1,44241
2016. 12. 21.,1,50793
2016. 12. 22.,1,55173
2016. 12. 23.,1,44391
2016. 12. 24.,1,37757
2016. 12. 25.,1,36601
2016. 12. 26.,1,34565
2016. 12. 27.,1,42370
2016. 12. 28.,1,43386
2016. 12. 29.,1,46546
2016. 12. 30.,1,44561
2016. 12. 31.,1,41220
2017. 1. 1.,1,38730
2017. 1. 2.,1,39652
2017. 1. 3.,1,45883
2017. 1. 4.,1,50673
2017. 1. 5.,1,49596
2017. 1. 6.,1,43804
2017. 1. 7.,1,43622
2017. 1. 8.,1,42727
2017. 1. 9.,1,46188
2017. 1. 10.,1,48179
2017. 1. 11.,1,45221
2017. 1. 12.,1,50589
2017. 1. 13.,1,50833
2017. 1. 14.,1,42044
2017. 1. 15.,1,41748
2017. 1. 16.,1,45375
2017. 1. 17.,1,46671
2017. 1. 18.,1,44994
2017. 1. 19.,1,43628
2017. 1. 20.,1,45775
2017. 1. 21.,1,43302
2017. 1. 22.,1,47432
2017. 1. 23.,1,46076
2017. 1. 24.,1,50414
2017. 1. 25.,1,46256
2017. 1. 26.,1,46856
2017. 1. 27.,1,46680
2017. 1. 28.,1,45189
2017. 1. 29.,1,42509
2017. 1. 30.,1,45369
2017. 1. 31.,1,43649
2017. 2. 1.,1,44541
2017. 2. 2.,1,43709
2017. 2. 3.,1,42778
2017. 2. 4.,1,45410
2017. 2. 5.,1,46542
2017. 2. 6.,1,47306
2017. 2. 7.,1,51866
2017. 2. 8.,1,51089
2017. 2. 9.,1,47873
2017. 2. 10.,1,52222
2017. 2. 11.,1,46560
2017. 2. 12.,1,45319
2017. 2. 13.,1,55990
2017. 2. 14.,1,58298
2017. 2. 15.,1,55320
2017. 2. 16.,1,49674
2017. 2. 17.,1,49406
2017. 2. 18.,1,49398
2017. 2. 19.,1,48227
2017. 2. 20.,1,50152
2017. 2. 21.,1,58434
2017. 2. 22.,1,50372
2017. 2. 23.,1,47601
2017. 2. 24.,1,54081
2017. 2. 25.,1,53245
2017. 2. 26.,1,51716
2017. 2. 27.,1,52642
2017. 2. 28.,1,60277
2017. 3. 1.,1,59774
2017. 3. 2.,1,70779
2017. 3. 3.,1,64294
2017. 3. 4.,1,58756
2017. 3. 5.,1,57031
2017. 3. 6.,1,57020
2017. 3. 7.,1,62589
2017. 3. 8.,1,55386
2017. 3. 9.,1,64266
2017. 3. 10.,1,65132
2017. 3. 11.,1,64803
2017. 3. 12.,1,66646
2017. 3. 13.,1,81718
2017. 3. 14.,1,77155
2017. 3. 15.,1,81205
2017. 3. 16.,1,109950
2017. 3. 17.,1,106635
2017. 3. 18.,1,89920
2017. 3. 19.,1,84599
2017. 3. 20.,1,80264
2017. 3. 21.,1,84298
2017. 3. 22.,1,78821
2017. 3. 23.,1,82434
2017. 3. 24.,1,87775
2017. 3. 25.,1,84394
2017. 3. 26.,1,79534
2017. 3. 27.,1,94570
2017. 3. 28.,1,84348
2017. 3. 29.,1,93064
2017. 3. 30.,1,96209
2017. 3. 31.,1,103102
2017. 4. 1.,1,80572
2017. 4. 2.,1,88948
2017. 4. 3.,1,100221
2017. 4. 4.,1,86279
2017. 4. 5.,1,87411
2017. 4. 6.,1,95177
2017. 4. 7.,1,92846
2017. 4. 8.,1,72144
2017. 4. 9.,1,74557
2017. 4. 10.,1,75487
2017. 4. 11.,1,75891
2017. 4. 12.,1,80347
2017. 4. 13.,1,84124
2017. 4. 14.,1,81155
2017. 4. 15.,1,74820
2017. 4. 16.,1,70634
2017. 4. 17.,1,72546
2017. 4. 18.,1,83303
2017. 4. 19.,1,85734
2017. 4. 20.,1,85450
2017. 4. 21.,1,81278
2017. 4. 22.,1,73539
2017. 4. 23.,1,77073
2017. 4. 24.,1,80531
2017. 4. 25.,1,93033
2017. 4. 26.,1,89642
2017. 4. 27.,1,104494
2017. 4. 28.,1,106193
2017. 4. 29.,1,91335
2017. 4. 30.,1,95202
2017. 5. 1.,1,112202
2017. 5. 2.,1,110354
2017. 5. 3.,1,97334
2017. 5. 4.,1,114877
2017. 5. 5.,1,108514
2017. 5. 6.,1,95014
2017. 5. 7.,1,106631
2017. 5. 8.,1,117509
2017. 5. 9.,1,112933
2017. 5. 10.,1,109673
2017. 5. 11.,1,117189
2017. 5. 12.,1,107241
2017. 5. 13.,1,101332
2017. 5. 14.,1,101348
2017. 5. 15.,1,122792
2017. 5. 16.,1,116341
2017. 5. 17.,1,140135
2017. 5. 18.,1,137409
2017. 5. 19.,1,161568
2017. 5. 20.,1,130912
2017. 5. 21.,1,149699
2017. 5. 22.,1,176255
2017. 5. 23.,1,187121
2017. 5. 24.,1,187293
2017. 5. 25.,1,183010
2017. 5. 26.,1,169818
2017. 5. 27.,1,149450
2017. 5. 28.,1,155271
2017. 5. 29.,1,158547
2017. 5. 30.,1,193618
2017. 5. 31.,1,214126
2017. 6. 1.,1,199160
2017. 6. 2.,1,194911
2017. 6. 3.,1,175666
2017. 6. 4.,1,180136
2017. 6. 5.,1,190305
2017. 6. 6.,1,200523
2017. 6. 7.,1,207180
2017. 6. 8.,1,187700
2017. 6. 9.,1,215831
2017. 6. 10.,1,213356
2017. 6. 11.,1,240490
2017. 6. 12.,1,292941
2017. 6. 13.,1,280054
2017. 6. 14.,1,250410
2017. 6. 15.,1,261617
2017. 6. 16.,1,248003
2017. 6. 17.,1,242022
2017. 6. 18.,1,245957
2017. 6. 19.,1,286209
2017. 6. 20.,1,308488
2017. 6. 21.,1,221289
2017. 6. 22.,1,284225
2017. 6. 23.,1,276012
2017. 6. 24.,1,250570
2017. 6. 25.,1,231135
2017. 6. 26.,1,316788
2017. 6. 27.,1,252995
2017. 6. 28.,1,274241
2017. 6. 29.,1,263791
2017. 6. 30.,1,252652
2017. 7. 1.,1,240465
2017. 7. 2.,1,248617
2017. 7. 3.,1,302032
2017. 7. 4.,1,281465
2017. 7. 5.,1,271606
2017. 7. 6.,1,258791
2017. 7. 7.,1,295389
2017. 7. 8.,1,248142
2017. 7. 9.,1,225189
2017. 7. 10.,1,302633
2017. 7. 11.,1,291677
2017. 7. 12.,1,283828
2017. 7. 13.,1,260745
2017. 7. 14.,1,249381
2017. 7. 15.,1,231961
2017. 7. 16.,1,249138
2017. 7. 17.,1,248473
2017. 7. 18.,1,271055
2017. 7. 19.,1,270122
2017. 7. 20.,1,250065
2017. 7. 21.,1,232560
2017. 7. 22.,1,205574
2017. 7. 23.,1,260490
2017. 7. 24.,1,263095
2017. 7. 25.,1,242956
2017. 7. 26.,1,223010
2017. 7. 27.,1,225435
2017. 7. 28.,1,246494
2017. 7. 29.,1,198773
2017. 7. 30.,1,206624
2017. 7. 31.,1,250090
2017. 8. 1.,1,218582
2017. 8. 2.,1,231068
2017. 8. 3.,1,236335
2017. 8. 4.,1,257160
2017. 8. 5.,1,261400
2017. 8. 6.,1,265127
2017. 8. 7.,1,281172
2017. 8. 8.,1,318866
2017. 8. 9.,1,280308
2017. 8. 10.,1,338241
2017. 8. 11.,1,356682
2017. 8. 12.,1,338654
2017. 8. 13.,1,333011
2017. 8. 14.,1,410061
2017. 8. 15.,1,413246
2017. 8. 16.,1,413624
2017. 8. 17.,1,428007
2017. 8. 18.,1,443356
2017. 8. 19.,1,377418
2017. 8. 20.,1,309926
2017. 8. 21.,1,392880
2017. 8. 22.,1,364727
2017. 8. 23.,1,374711
2017. 8. 24.,1,352465
2017. 8. 25.,1,352621
2017. 8. 26.,1,306268
2017. 8. 27.,1,324173
2017. 8. 28.,1,363799
2017. 8. 29.,1,394649
2017. 8. 30.,1,400220
2017. 8. 31.,1,384421
2017. 9. 1.,1,390997
2017. 9. 2.,1,331797
2017. 9. 3.,1,302525
2017. 9. 4.,1,442592
2017. 9. 5.,1,444572
2017. 9. 6.,1,496376
2017. 9. 7.,1,448347
2017. 9. 8.,1,463670
2017. 9. 9.,1,383654
2017. 9. 10.,1,325128
2017. 9. 11.,1,365384
2017. 9. 12.,1,404898
2017. 9. 13.,1,365679
2017. 9. 14.,1,380251
2017. 9. 15.,1,441767
2017. 9. 16.,1,373764
2017. 9. 17.,1,289517
2017. 9. 18.,1,362764
2017. 9. 19.,1,337752
2017. 9. 20.,1,324984
2017. 9. 21.,1,317074
2017. 9. 22.,1,271470
2017. 9. 23.,1,260107
2017. 9. 24.,1,280929
2017. 9. 25.,1,306614
2017. 9. 26.,1,306075
2017. 9. 27.,1,309047
2017. 9. 28.,1,329208
2017. 9. 29.,1,326502
2017. 9. 30.,1,295798
2017. 10. 1.,1,283871
2017. 10. 2.,1,306095
2017. 10. 3.,1,327906
2017. 10. 4.,1,307399
2017. 10. 5.,1,314808
2017. 10. 6.,1,319882
2017. 10. 7.,1,291091
2017. 10. 8.,1,296829
2017. 10. 9.,1,328172
2017. 10. 10.,1,349605
2017. 10. 11.,1,344305
2017. 10. 12.,1,363411
2017. 10. 13.,1,379136
2017. 10. 14.,1,332169
2017. 10. 15.,1,328921
2017. 10. 16.,1,408297
2017. 10. 17.,1,505611
2017. 10. 18.,1,470449
2017. 10. 19.,1,494184
2017. 10. 20.,1,546837
2017. 10. 21.,1,462902
2017. 10. 22.,1,435493
2017. 10. 23.,1,468168
2017. 10. 24.,1,492288
2017. 10. 25.,1,460419
2017. 10. 26.,1,466406
2017. 10. 27.,1,486147
2017. 10. 28.,1,484554
2017. 10. 29.,1,494176
2017. 10. 30.,1,532626
2017. 10. 31.,1,519906
2017. 11. 1.,1,527783
2017. 11. 2.,1,529277
2017. 11. 3.,1,485790
2017. 11. 4.,1,398758
2017. 11. 5.,1,417102
2017. 11. 6.,1,511663
2017. 11. 7.,1,470418
2017. 11. 8.,1,480413
2017. 11. 9.,1,467172
2017. 11. 10.,1,457427
2017. 11. 11.,1,394378
2017. 11. 12.,1,434380
2017. 11. 13.,1,443176
2017. 11. 14.,1,475984
2017. 11. 15.,1,540593
2017. 11. 16.,1,491482
2017. 11. 17.,1,508590
2017. 11. 18.,1,459679
2017. 11. 19.,1,464563
2017. 11. 20.,1,530141
2017. 11. 21.,1,524044
2017. 11. 22.,1,546489
2017. 11. 23.,1,537068
2017. 11. 24.,1,525529
2017. 11. 25.,1,561166
2017. 11. 26.,1,542484
2017. 11. 27.,1,608695
2017. 11. 28.,1,638989
2017. 11. 29.,1,663579
2017. 11. 30.,1,655457
2017. 12. 1.,1,622720
2017. 12. 2.,1,627785
2017. 12. 3.,1,693808
2017. 12. 4.,1,701834
2017. 12. 5.,1,693090
2017. 12. 6.,1,791746
2017. 12. 7.,1,659068
2017. 12. 8.,1,766411
2017. 12. 9.,1,707223
2017. 12. 10.,1,716575
2017. 12. 11.,1,828899
2017. 12. 12.,1,872340
2017. 12. 13.,1,909631
2017. 12. 14.,1,942559
2017. 12. 15.,1,904346
2017. 12. 16.,1,899857
2017. 12. 17.,1,876574
2017. 12. 18.,1,984021
2017. 12. 19.,1,1092234
2017. 12. 20.,1,986104
2017. 12. 21.,1,1072665
2017. 12. 22.,1,1103523
2017. 12. 23.,1,918881
2017. 12. 24.,1,758234
2017. 12. 25.,1,752361
2017. 12. 26.,1,813510
2017. 12. 27.,1,912752
2017. 12. 28.,1,949503
2017. 12. 29.,1,1090191
2017. 12. 30.,1,1136659
2017. 12. 31.,1,946981
2018. 1. 1.,1,908945
2018. 1. 2.,1,1153936
2018. 1. 3.,1,1238030
2018. 1. 4.,1,1349890
2018. 1. 5.,1,1271577
2018. 1. 6.,1,1226417
2018. 1. 7.,1,1152722
2018. 1. 8.,1,1215473
2018. 1. 9.,1,1256240
2018. 1. 10.,1,1177685
2018. 1. 11.,1,1173965
2018. 1. 12.,1,1118757
2018. 1. 13.,1,1179321
2018. 1. 14.,1,1081593
2018. 1. 15.,1,1206420
2018. 1. 16.,1,1277936
2018. 1. 17.,1,1277083
2018. 1. 18.,1,1205184
2018. 1. 19.,1,1043257
2018. 1. 20.,1,984489
2018. 1. 21.,1,1006530
2018. 1. 22.,1,972911
2018. 1. 23.,1,928494
2018. 1. 24.,1,913668
2018. 1. 25.,1,788515
2018. 1. 26.,1,953429
2018. 1. 27.,1,831992
2018. 1. 28.,1,889104
2018. 1. 29.,1,936845
2018. 1. 30.,1,906578
2018. 1. 31.,1,877284
2018. 2. 1.,1,1008759
2018. 2. 2.,1,981133
2018. 2. 3.,1,814486
2018. 2. 4.,1,800876
2018. 2. 5.,1,875761
2018. 2. 6.,1,888219
2018. 2. 7.,1,818625
2018. 2. 8.,1,681344
2018. 2. 9.,1,789807
2018. 2. 10.,1,848390
2018. 2. 11.,1,773496
2018. 2. 12.,1,829020
2018. 2. 13.,1,745822
2018. 2. 14.,1,746384
2018. 2. 15.,1,777318
2018. 2. 16.,1,704758
2018. 2. 17.,1,772079
2018. 2. 18.,1,756092
2018. 2. 19.,1,811384
2018. 2. 20.,1,886897
2018. 2. 21.,1,850504
2018. 2. 22.,1,761893
2018. 2. 23.,1,733084
2018. 2. 24.,1,732861
2018. 2. 25.,1,690582
2018. 2. 26.,1,737453
2018. 2. 27.,1,694583
2018. 2. 28.,1,720368
2018. 3. 1.,1,684404
2018. 3. 2.,1,744666
2018. 3. 3.,1,673465
2018. 3. 4.,1,643241
2018. 3. 5.,1,752756
2018. 3. 6.,1,712591
2018. 3. 7.,1,783757
2018. 3. 8.,1,690139
2018. 3. 9.,1,650058
2018. 3. 10.,1,591377
2018. 3. 11.,1,608899
2018. 3. 12.,1,677908
2018. 3. 13.,1,699093
2018. 3. 14.,1,671198
2018. 3. 15.,1,654531
2018. 3. 16.,1,654584
2018. 3. 17.,1,593203
2018. 3. 18.,1,684094
2018. 3. 19.,1,703891
2018. 3. 20.,1,661791
2018. 3. 21.,1,697872
2018. 3. 22.,1,619453
2018. 3. 23.,1,677103
2018. 3. 24.,1,613203
2018. 3. 25.,1,526372
2018. 3. 26.,1,626615
2018. 3. 27.,1,584055
2018. 3. 28.,1,579858
2018. 3. 29.,1,583673
2018. 3. 30.,1,633616
2018. 3. 31.,1,584396
2018. 4. 1.,1,545141
2018. 4. 2.,1,598505
2018. 4. 3.,1,645977
2018. 4. 4.,1,628441
2018. 4. 5.,1,695871
2018. 4. 6.,1,647981
2018. 4. 7.,1,535865
2018. 4. 8.,1,595733
2018. 4. 9.,1,609799
2018. 4. 10.,1,571388
2018. 4. 11.,1,609102
2018. 4. 12.,1,692606
2018. 4. 13.,1,730344
2018. 4. 14.,1,611188
2018. 4. 15.,1,619985
2018. 4. 16.,1,664402
2018. 4. 17.,1,742823
2018. 4. 18.,1,703293
2018. 4. 19.,1,814318
2018. 4. 20.,1,832220
2018. 4. 21.,1,746104
2018. 4. 22.,1,748858
2018. 4. 23.,1,802870
2018. 4. 24.,1,816357
2018. 4. 25.,1,799014
2018. 4. 26.,1,793873
2018. 4. 27.,1,764479
2018. 4. 28.,1,775321
2018. 4. 29.,1,756651
2018. 4. 30.,1,778133
2018. 5. 1.,1,713839
2018. 5. 2.,1,787722
2018. 5. 3.,1,839586
2018. 5. 4.,1,1000526
2018. 5. 5.,1,789261
2018. 5. 6.,1,691273
2018. 5. 7.,1,789863
2018. 5. 8.,1,820098
2018. 5. 9.,1,831127
2018. 5. 10.,1,854827
2018. 5. 11.,1,826099
2018. 5. 12.,1,788487
2018. 5. 13.,1,762439
2018. 5. 14.,1,801788
2018. 5. 15.,1,779210
2018. 5. 16.,1,807257
2018. 5. 17.,1,835761
2018. 5. 18.,1,831831
2018. 5. 19.,1,846288
2018. 5. 20.,1,777283
2018. 5. 21.,1,802211
2018. 5. 22.,1,822409
2018. 5. 23.,1,833377
2018. 5. 24.,1,811167
2018. 5. 25.,1,800838
2018. 5. 26.,1,761932
2018. 5. 27.,1,776024
2018. 5. 28.,1,861002
2018. 5. 29.,1,812183
2018. 5. 30.,1,817167
2018. 5. 31.,1,832842
2018. 6. 1.,1,758242
2018. 6. 2.,1,768017
2018. 6. 3.,1,809997
2018. 6. 4.,1,807165
2018. 6. 5.,1,780654
2018. 6. 6.,1,754070
2018. 6. 7.,1,775828
2018. 6. 8.,1,720017
2018. 6. 9.,1,769427
2018. 6. 10.,1,771280
2018. 6. 11.,1,768985
2018. 6. 12.,1,770199
2018. 6. 13.,1,797637
2018. 6. 14.,1,765916
2018. 6. 15.,1,763803
2018. 6. 16.,1,639775
2018. 6. 17.,1,648548
2018. 6. 18.,1,695753
2018. 6. 19.,1,778765
2018. 6. 20.,1,803076
2018. 6. 21.,1,752035
2018. 6. 22.,1,770457
2018. 6. 23.,1,675918
2018. 6. 24.,1,671994
2018. 6. 25.,1,837265
2018. 6. 26.,1,732170
2018. 6. 27.,1,771938
2018. 6. 28.,1,744784
2018. 6. 29.,1,735092
2018. 6. 30.,1,632981
2018. 7. 1.,1,622633
2018. 7. 2.,1,489559
2018. 7. 3.,1,573532
2018. 7. 4.,1,447112
2018. 7. 5.,1,527586
2018. 7. 6.,1,459075
2018. 7. 7.,1,484105
2018. 7. 8.,1,631505
2018. 7. 9.,1,651926
2018. 7. 10.,1,691771
2018. 7. 11.,1,643920
2018. 7. 12.,1,566058
2018. 7. 13.,1,563317
2018. 7. 14.,1,508951
2018. 7. 15.,1,453706
2018. 7. 16.,1,703999
2018. 7. 17.,1,701292
2018. 7. 18.,1,746145
2018. 7. 19.,1,734702
2018. 7. 20.,1,671608
2018. 7. 21.,1,620634
2018. 7. 22.,1,675356
2018. 7. 23.,1,758657
2018. 7. 24.,1,784910
2018. 7. 25.,1,787527
2018. 7. 26.,1,725630
2018. 7. 27.,1,788715
2018. 7. 28.,1,703973
2018. 7. 29.,1,716354
2018. 7. 30.,1,757712
2018. 7. 31.,1,745063
2018. 8. 1.,1,757758
2018. 8. 2.,1,779928
2018. 8. 3.,1,753190
2018. 8. 4.,1,720548
2018. 8. 5.,1,704249
2018. 8. 6.,1,699536
2018. 8. 7.,1,636342
2018. 8. 8.,1,565663
2018. 8. 9.,1,538530
2018. 8. 10.,1,613892
2018. 8. 11.,1,657312
2018. 8. 12.,1,641927
2018. 8. 13.,1,694941
2018. 8. 14.,1,690348
2018. 8. 15.,1,648565
2018. 8. 16.,1,716732
2018. 8. 17.,1,607270
2018. 8. 18.,1,627522
2018. 8. 19.,1,599660
2018. 8. 20.,1,663769
2018. 8. 21.,1,605639
2018. 8. 22.,1,594918
2018. 8. 23.,1,599557
2018. 8. 24.,1,596227
2018. 8. 25.,1,577239
2018. 8. 26.,1,574072
2018. 8. 27.,1,645935
2018. 8. 28.,1,613844
2018. 8. 29.,1,546841
2018. 8. 30.,1,592847
2018. 8. 31.,1,577258
2018. 9. 1.,1,656254
2018. 9. 2.,1,620267
2018. 9. 3.,1,631429
2018. 9. 4.,1,589521
2018. 9. 5.,1,626957
2018. 9. 6.,1,588959
2018. 9. 7.,1,582184
2018. 9. 8.,1,543337
2018. 9. 9.,1,565631
2018. 9. 10.,1,561611
2018. 9. 11.,1,557317
2018. 9. 12.,1,570673
2018. 9. 13.,1,555753
2018. 9. 14.,1,514394
2018. 9. 15.,1,479695
2018. 9. 16.,1,458432
2018. 9. 17.,1,553720
2018. 9. 18.,1,500513
2018. 9. 19.,1,507255
2018. 9. 20.,1,498146
2018. 9. 21.,1,544686
2018. 9. 22.,1,470309
2018. 9. 23.,1,468627
2018. 9. 24.,1,480337
2018. 9. 25.,1,519108
2018. 9. 26.,1,493507
2018. 9. 27.,1,504047
2018. 9. 28.,1,500407
2018. 9. 29.,1,434315
2018. 9. 30.,1,479351
2018. 10. 1.,1,476308
2018. 10. 2.,1,490262
2018. 10. 3.,1,559006
2018. 10. 4.,1,559181
2018. 10. 5.,1,595361
2018. 10. 6.,1,596865
2018. 10. 7.,1,497767
2018. 10. 8.,1,542842
2018. 10. 9.,1,537028
2018. 10. 10.,1,516772
2018. 10. 11.,1,570525
2018. 10. 12.,1,562140
2018. 10. 13.,1,541797
2018. 10. 14.,1,511719
2018. 10. 15.,1,562011
2018. 10. 16.,1,575450
2018. 10. 17.,1,580354
2018. 10. 18.,1,565791
2018. 10. 19.,1,601119
2018. 10. 20.,1,534080
2018. 10. 21.,1,508014
2018. 10. 22.,1,577314
2018. 10. 23.,1,556231
2018. 10. 24.,1,532709
2018. 10. 25.,1,537236
2018. 10. 26.,1,551218
2018. 10. 27.,1,499165
2018. 10. 28.,1,509862
2018. 10. 29.,1,614695
2018. 10. 30.,1,608397
2018. 10. 31.,1,585707
2018. 11. 1.,1,589096
2018. 11. 2.,1,548534
2018. 11. 3.,1,505015
2018. 11. 4.,1,510848
2018. 11. 5.,1,582354
2018. 11. 6.,1,597166
2018. 11. 7.,1,564602
2018. 11. 8.,1,555392
2018. 11. 9.,1,547848
2018. 11. 10.,1,489120
2018. 11. 11.,1,527799
2018. 11. 12.,1,571162
2018. 11. 13.,1,553590
2018. 11. 14.,1,582181
2018. 11. 15.,1,563051
2018. 11. 16.,1,552107
2018. 11. 17.,1,505581
2018. 11. 18.,1,484801
2018. 11. 19.,1,622942
2018. 11. 20.,1,625752
2018. 11. 21.,1,579531
2018. 11. 22.,1,568895
2018. 11. 23.,1,559992
2018. 11. 24.,1,497091
2018. 11. 25.,1,529038
2018. 11. 26.,1,557388
2018. 11. 27.,1,565825
2018. 11. 28.,1,622580
2018. 11. 29.,1,555591
2018. 11. 30.,1,599039
2018. 12. 1.,1,525757
2018. 12. 2.,1,492410
2018. 12. 3.,1,548100
2018. 12. 4.,1,565202
2018. 12. 5.,1,595937
2018. 12. 6.,1,590923
2018. 12. 7.,1,572417
2018. 12. 8.,1,552651
2018. 12. 9.,1,507555
2018. 12. 10.,1,555379
2018. 12. 11.,1,536006
2018. 12. 12.,1,533920
2018. 12. 13.,1,565689
2018. 12. 14.,1,567306
2018. 12. 15.,1,551916
2018. 12. 16.,1,516697
2018. 12. 17.,1,570051
2018. 12. 18.,1,556320
2018. 12. 19.,1,597824
2018. 12. 20.,1,602429
2018. 12. 21.,1,606526
2018. 12. 22.,1,495551
2018. 12. 23.,1,543655
2018. 12. 24.,1,615551
2018. 12. 25.,1,535001
2018. 12. 26.,1,560047
2018. 12. 27.,1,548411
2018. 12. 28.,1,572189
2018. 12. 29.,1,543746
2018. 12. 30.,1,460395
2018. 12. 31.,1,522040
2019. 1. 1.,1,448168
2019. 1. 2.,1,589959
2019. 1. 3.,1,596620
2019. 1. 4.,1,549398
2019. 1. 5.,1,511189
2019. 1. 6.,1,487372
2019. 1. 7.,1,550964
2019. 1. 8.,1,553367
2019. 1. 9.,1,558847
2019. 1. 10.,1,582839
2019. 1. 11.,1,541838
2019. 1. 12.,1,452707
2019. 1. 13.,1,481347
2019. 1. 14.,1,577239
2019. 1. 15.,1,539896
2019. 1. 16.,1,507687
2019. 1. 17.,1,517082
2019. 1. 18.,1,538899
2019. 1. 19.,1,539125
2019. 1. 20.,1,537705
2019. 1. 21.,1,582751
2019. 1. 22.,1,605558
2019. 1. 23.,1,533819
2019. 1. 24.,1,520130
2019. 1. 25.,1,504903
2019. 1. 26.,1,464380
2019. 1. 27.,1,488814
2019. 1. 28.,1,568564
2019. 1. 29.,1,566026
2019. 1. 30.,1,555347
2019. 1. 31.,1,517057
2019. 2. 1.,1,498856
2019. 2. 2.,1,450314
2019. 2. 3.,1,424378
2019. 2. 4.,1,416394
2019. 2. 5.,1,414815
2019. 2. 6.,1,429065
2019. 2. 7.,1,428676
2019. 2. 8.,1,471952
2019. 2. 9.,1,417129
2019. 2. 10.,1,381151
2019. 2. 11.,1,429007
2019. 2. 12.,1,438111
2019. 2. 13.,1,491354
2019. 2. 14.,1,474782
2019. 2. 15.,1,468599
2019. 2. 16.,1,454309
2019. 2. 17.,1,447945
2019. 2. 18.,1,512455
2019. 2. 19.,1,533602
2019. 2. 20.,1,530268
2019. 2. 21.,1,544817
2019. 2. 22.,1,530839
2019. 2. 23.,1,476225
2019. 2. 24.,1,540201
2019. 2. 25.,1,573756
2019. 2. 26.,1,553925
2019. 2. 27.,1,539516
2019. 2. 28.,1,541458
2019. 3. 1.,1,547622
2019. 3. 2.,1,526912
2019. 3. 3.,1,492382
2019. 3. 4.,1,620211
2019. 3. 5.,1,598085
2019. 3. 6.,1,578932
2019. 3. 7.,1,572685
2019. 3. 8.,1,562361
2019. 3. 9.,1,555854
2019. 3. 10.,1,484038
2019. 3. 11.,1,536412
2019. 3. 12.,1,564306
2019. 3. 13.,1,573281
2019. 3. 14.,1,573828
2019. 3. 15.,1,553012
2019. 3. 16.,1,504183
2019. 3. 17.,1,494872
2019. 3. 18.,1,573940
2019. 3. 19.,1,635940
2019. 3. 20.,1,630313
2019. 3. 21.,1,618318
2019. 3. 22.,1,628700
2019. 3. 23.,1,561778
2019. 3. 24.,1,549073
2019. 3. 25.,1,648670
2019. 3. 26.,1,629010
2019. 3. 27.,1,625948
2019. 3. 28.,1,634367
2019. 3. 29.,1,640352
2019. 3. 30.,1,667967
2019. 3. 31.,1,646230
2019. 4. 1.,1,687574
2019. 4. 2.,1,758900
2019. 4. 3.,1,746605
2019. 4. 4.,1,673520
2019. 4. 5.,1,621924
2019. 4. 6.,1,559039
2019. 4. 7.,1,572886
2019. 4. 8.,1,668000
2019. 4. 9.,1,656914
2019. 4. 10.,1,674070
2019. 4. 11.,1,729032
2019. 4. 12.,1,694793
2019. 4. 13.,1,614291
2019. 4. 14.,1,551055
2019. 4. 15.,1,622058
2019. 4. 16.,1,656461
2019. 4. 17.,1,681896
2019. 4. 18.,1,697650
2019. 4. 19.,1,693183
2019. 4. 20.,1,686824
2019. 4. 21.,1,631190
2019. 4. 22.,1,719306
2019. 4. 23.,1,729268
2019. 4. 24.,1,668917
2019. 4. 25.,1,680812
2019. 4. 26.,1,661061
2019. 4. 27.,1,562687
2019. 4. 28.,1,593482
2019. 4. 29.,1,628989
2019. 4. 30.,1,707771
2019. 5. 1.,1,703790
2019. 5. 2.,1,626308
2019. 5. 3.,1,670882
2019. 5. 4.,1,623395
2019. 5. 5.,1,637464
2019. 5. 6.,1,706135
2019. 5. 7.,1,658146
2019. 5. 8.,1,686996
2019. 5. 9.,1,718440
2019. 5. 10.,1,736762
2019. 5. 11.,1,742337
2019. 5. 12.,1,715827
2019. 5. 13.,1,758695
2019. 5. 14.,1,830785
2019. 5. 15.,1,847606
2019. 5. 16.,1,908208
2019. 5. 17.,1,810320
2019. 5. 18.,1,735420
2019. 5. 19.,1,752431
2019. 5. 20.,1,860161
2019. 5. 21.,1,812799
2019. 5. 22.,1,873384
2019. 5. 23.,1,846724
2019. 5. 24.,1,904057
2019. 5. 25.,1,839949
2019. 5. 26.,1,763094
2019. 5. 27.,1,941733
2019. 5. 28.,1,910535
2019. 5. 29.,1,947509
2019. 5. 30.,1,891907
2019. 5. 31.,1,870676
2019. 6. 1.,1,956751
2019. 6. 2.,1,890894
2019. 6. 3.,1,889067
2019. 6. 4.,1,891955
2019. 6. 5.,1,799392
2019. 6. 6.,1,824817
2019. 6. 7.,1,758454
2019. 6. 8.,1,992653
2019. 6. 9.,1,715741
2019. 6. 10.,1,963694
2019. 6. 11.,1,930038
2019. 6. 12.,1,860682
2019. 6. 13.,1,749758
2019. 6. 14.,1,825364
2019. 6. 15.,1,938952
2019. 6. 16.,1,888979
2019. 6. 17.,1,944094
2019. 6. 18.,1,850016
2019. 6. 19.,1,886054
2019. 6. 20.,1,985024
2019. 6. 21.,1,777627
2019. 6. 22.,1,758133
2019. 6. 23.,1,773499
2019. 6. 24.,1,809637
2019. 6. 25.,1,932194
2019. 6. 26.,1,848601
2019. 6. 27.,1,814118
2019. 6. 28.,1,1004170
2019. 6. 29.,1,733337
2019. 6. 30.,1,685958
2019. 7. 1.,1,951985
2019. 7. 2.,1,895054
2019. 7. 3.,1,753227
2019. 7. 4.,1,747514
2019. 7. 5.,1,849080
2019. 7. 6.,1,754040
2019. 7. 7.,1,582067
2019. 7. 8.,1,809796
2019. 7. 9.,1,771955
2019. 7. 10.,1,736096
2019. 7. 11.,1,975288
2019. 7. 12.,1,726392
2019. 7. 13.,1,587283
2019. 7. 14.,1,613490
2019. 7. 15.,1,743294
2019. 7. 16.,1,1003278
2019. 7. 17.,1,830029
2019. 7. 18.,1,667874
2019. 7. 19.,1,815548
2019. 7. 20.,1,584085
2019. 7. 21.,1,522416
2019. 7. 22.,1,640666
2019. 7. 23.,1,606795
2019. 7. 24.,1,907213
2019. 7. 25.,1,949864
2019. 7. 26.,1,640260
2019. 7. 27.,1,577697
2019. 7. 28.,1,572697
2019. 7. 29.,1,676990
2019. 7. 30.,1,715782
2019. 7. 31.,1,684284
2019. 8. 1.,1,877643
2019. 8. 2.,1,768312
2019. 8. 3.,1,783492
2019. 8. 4.,1,569134
2019. 8. 5.,1,718438
2019. 8. 6.,1,732052
2019. 8. 7.,1,742477
2019. 8. 8.,1,692736
2019. 8. 9.,1,721762
2019. 8. 10.,1,630929
2019. 8. 11.,1,582507
2019. 8. 12.,1,712949
2019. 8. 13.,1,698671
2019. 8. 14.,1,736647
2019. 8. 15.,1,689076
2019. 8. 16.,1,718875
2019. 8. 17.,1,641106
2019. 8. 18.,1,627260
2019. 8. 19.,1,724461
2019. 8. 20.,1,733520
2019. 8. 21.,1,731500
2019. 8. 22.,1,737144
2019. 8. 23.,1,733282
2019. 8. 24.,1,684235
2019. 8. 25.,1,677260
2019. 8. 26.,1,750845
2019. 8. 27.,1,748158
2019. 8. 28.,1,722262
2019. 8. 29.,1,724189
2019. 8. 30.,1,713194
2019. 8. 31.,1,679773
2019. 9. 1.,1,690235
2019. 9. 2.,1,757539
2019. 9. 3.,1,751224
2019. 9. 4.,1,714432
2019. 9. 5.,1,769872
2019. 9. 6.,1,768500
2019. 9. 7.,1,677445
2019. 9. 8.,1,675137
2019. 9. 9.,1,756508
2019. 9. 10.,1,691617
2019. 9. 11.,1,705292
2019. 9. 12.,1,723726
2019. 9. 13.,1,623470
2019. 9. 14.,1,628467
2019. 9. 15.,1,633961
2019. 9. 16.,1,733010
2019. 9. 17.,1,681814
2019. 9. 18.,1,708743
2019. 9. 19.,1,692484
2019. 9. 20.,1,717128
2019. 9. 21.,1,596973
2019. 9. 22.,1,576563
2019. 9. 23.,1,639394
2019. 9. 24.,1,709522
2019. 9. 25.,1,677675
2019. 9. 26.,1,657676
2019. 9. 27.,1,623632
2019. 9. 28.,1,607857
2019. 9. 29.,1,591986
2019. 9. 30.,1,683924
2019. 10. 1.,1,645073
2019. 10. 2.,1,627137
2019. 10. 3.,1,615189
2019. 10. 4.,1,590197
2019. 10. 5.,1,595118
2019. 10. 6.,1,571769
2019. 10. 7.,1,629382
2019. 10. 8.,1,710373
2019. 10. 9.,1,751354
2019. 10. 10.,1,706127
2019. 10. 11.,1,702673
2019. 10. 12.,1,634450
2019. 10. 13.,1,566845
2019. 10. 14.,1,650601
2019. 10. 15.,1,690703
2019. 10. 16.,1,694589
2019. 10. 17.,1,703704
2019. 10. 18.,1,733646
2019. 10. 19.,1,665170
2019. 10. 20.,1,612341
2019. 10. 21.,1,678528
2019. 10. 22.,1,726230
2019. 10. 23.,1,736388
2019. 10. 24.,1,724917
2019. 10. 25.,1,741655
2019. 10. 26.,1,716822
2019. 10. 27.,1,642955
2019. 10. 28.,1,721335
2019. 10. 29.,1,707622
2019. 10. 30.,1,717618
2019. 10. 31.,1,744118
2019. 11. 1.,1,705019
2019. 11. 2.,1,590976
2019. 11. 3.,1,571113
2019. 11. 4.,1,670783
2019. 11. 5.,1,739254
2019. 11. 6.,1,707733
2019. 11. 7.,1,857371
2019. 11. 8.,1,699138
2019. 11. 9.,1,604007
2019. 11. 10.,1,609364
2019. 11. 11.,1,710155
2019. 11. 12.,1,708660
2019. 11. 13.,1,713551
2019. 11. 14.,1,679505
2019. 11. 15.,1,683049
2019. 11. 16.,1,596661
2019. 11. 17.,1,600168
2019. 11. 18.,1,734472
2019. 11. 19.,1,735532
2019. 11. 20.,1,689771
2019. 11. 21.,1,762896
2019. 11. 22.,1,794748
2019. 11. 23.,1,631670
2019. 11. 24.,1,596880
2019. 11. 25.,1,762888
2019. 11. 26.,1,679733
2019. 11. 27.,1,674957
2019. 11. 28.,1,623080
2019. 11. 29.,1,670568
2019. 11. 30.,1,584871
2019. 12. 1.,1,615069
2019. 12. 2.,1,681210
2019. 12. 3.,1,610528
2019. 12. 4.,1,661004
2019. 12. 5.,1,617647
2019. 12. 6.,1,573666
2019. 12. 7.,1,488124
2019. 12. 8.,1,440672
2019. 12. 9.,1,635462
2019. 12. 10.,1,631603
2019. 12. 11.,1,625349
2019. 12. 12.,1,635638
2019. 12. 13.,1,621511
2019. 12. 14.,1,551143
2019. 12. 15.,1,526996
2019. 12. 16.,1,634682
2019. 12. 17.,1,646999
2019. 12. 18.,1,663295
2019. 12. 19.,1,620140
2019. 12. 20.,1,614338
2019. 12. 21.,1,545378
2019. 12. 22.,1,529935
2019. 12. 23.,1,631635
2019. 12. 24.,1,602814
2019. 12. 25.,1,565093
2019. 12. 26.,1,586645
2019. 12. 27.,1,580029
2019. 12. 28.,1,516438
2019. 12. 29.,1,480131
2019. 12. 30.,1,584426
2019. 12. 31.,1,554215
2020. 1. 1.,1,466526
2020. 1. 2.,1,505639
2020. 1. 3.,1,581641
2020. 1. 4.,1,559074
2020. 1. 5.,1,524664
2020. 1. 6.,1,626525
2020. 1. 7.,1,646478
2020. 1. 8.,1,653831
2020. 1. 9.,1,621399
2020. 1. 10.,1,605095
2020. 1. 11.,1,549612
2020. 1. 12.,1,523951
2020. 1. 13.,1,565389
2020. 1. 14.,1,671748
2020. 1. 15.,1,698399
2020. 1. 16.,1,693649
2020. 1. 17.,1,676556
2020. 1. 18.,1,628211
2020. 1. 19.,1,615368
2020. 1. 20.,1,599266
2020. 1. 21.,1,558962
2020. 1. 22.,1,513767
2020. 1. 23.,1,552533
2020. 1. 24.,1,497135
2020. 1. 25.,1,435515
2020. 1. 26.,1,428839
2020. 1. 27.,1,476541
2020. 1. 28.,1,526284
2020. 1. 29.,1,551529
2020. 1. 30.,1,566052
2020. 1. 31.,1,583358
2020. 2. 1.,1,545761
2020. 2. 2.,1,530094
2020. 2. 3.,1,621191
2020. 2. 4.,1,524476
2020. 2. 5.,1,610780
2020. 2. 6.,1,606505
2020. 2. 7.,1,626252
2020. 2. 8.,1,661649
2020. 2. 9.,1,628631
2020. 2. 10.,1,668760
2020. 2. 11.,1,709280
2020. 2. 12.,1,798162
2020. 2. 13.,1,764763
2020. 2. 14.,1,771827
2020. 2. 15.,1,699151
2020. 2. 16.,1,661490
2020. 2. 17.,1,695366
2020. 2. 18.,1,733983
2020. 2. 19.,1,695837
2020. 2. 20.,1,689600
2020. 2. 21.,1,670542
2020. 2. 22.,1,605859
2020. 2. 23.,1,606290
2020. 2. 24.,1,687702
2020. 2. 25.,1,670257
2020. 2. 26.,1,704929
2020. 2. 27.,1,714482
2020. 2. 28.,1,688694
2020. 2. 29.,1,620465
2020. 3. 1.,1,628500
2020. 3. 2.,1,681477
2020. 3. 3.,1,661419
2020. 3. 4.,1,663966
2020. 3. 5.,1,720114
2020. 3. 6.,1,676799
2020. 3. 7.,1,630992
2020. 3. 8.,1,662565
2020. 3. 9.,1,784085
2020. 3. 10.,1,760588
2020. 3. 11.,1,713065
2020. 3. 12.,1,760781
2020. 3. 13.,1,847947
2020. 3. 14.,1,681830
2020. 3. 15.,1,657653
2020. 3. 16.,1,784094
2020. 3. 17.,1,763100
2020. 3. 18.,1,768437
2020. 3. 19.,1,864017
2020. 3. 20.,1,822158
2020. 3. 21.,1,857503
2020. 3. 22.,1,746195
2020. 3. 23.,1,801238
2020. 3. 24.,1,791900
2020. 3. 25.,1,765389
2020. 3. 26.,1,772649
2020. 3. 27.,1,748776
2020. 3. 28.,1,667726
2020. 3. 29.,1,607984
2020. 3. 30.,1,724004
2020. 3. 31.,1,731749
2020. 4. 1.,1,683007
2020. 4. 2.,1,720554
2020. 4. 3.,1,722688
2020. 4. 4.,1,625952
2020. 4. 5.,1,614001
2020. 4. 6.,1,771300
2020. 4. 7.,1,783472
2020. 4. 8.,1,830223
2020. 4. 9.,1,727502
2020. 4. 10.,1,745643
2020. 4. 11.,1,680523
2020. 4. 12.,1,678530
2020. 4. 13.,1,744306
2020. 4. 14.,1,813972
2020. 4. 15.,1,792152
2020. 4. 16.,1,790334
2020. 4. 17.,1,785639
2020. 4. 18.,1,783111
2020. 4. 19.,1,741675
2020. 4. 20.,1,828885
2020. 4. 21.,1,812963
2020. 4. 22.,1,790519
2020. 4. 23.,1,826397
2020. 4. 24.,1,846807
2020. 4. 25.,1,792299
2020. 4. 26.,1,801949
2020. 4. 27.,1,841193
2020. 4. 28.,1,838453
2020. 4. 29.,1,897881
2020. 4. 30.,1,899459
2020. 5. 1.,1,827138
2020. 5. 2.,1,765990
2020. 5. 3.,1,789689
2020. 5. 4.,1,774035
2020. 5. 5.,1,785518
2020. 5. 6.,1,833506
2020. 5. 7.,1,877129
2020. 5. 8.,1,887756
2020. 5. 9.,1,894382
2020. 5. 10.,1,879153
2020. 5. 11.,1,887554
2020. 5. 12.,1,880678
2020. 5. 13.,1,856962
2020. 5. 14.,1,820300
2020. 5. 15.,1,888691
2020. 5. 16.,1,875030
2020. 5. 17.,1,808464
2020. 5. 18.,1,857645
2020. 5. 19.,1,848038
2020. 5. 20.,1,855377
2020. 5. 21.,1,867704
2020. 5. 22.,1,916282
2020. 5. 23.,1,868425
2020. 5. 24.,1,825755
2020. 5. 25.,1,875607
2020. 5. 26.,1,916975
2020. 5. 27.,1,896217
2020. 5. 28.,1,907265
2020. 5. 29.,1,949269
2020. 5. 30.,1,881950
2020. 5. 31.,1,850103
2020. 6. 1.,1,929874
2020. 6. 2.,1,980902
2020. 6. 3.,1,898364
2020. 6. 4.,1,930407
2020. 6. 5.,1,901995
2020. 6. 6.,1,946196
2020. 6. 7.,1,943786
2020. 6. 8.,1,966206
2020. 6. 9.,1,923075
2020. 6. 10.,1,939890
2020. 6. 11.,1,925331
2020. 6. 12.,1,889318
2020. 6. 13.,1,833267
2020. 6. 14.,1,785017
2020. 6. 15.,1,912281
2020. 6. 16.,1,904928
2020. 6. 17.,1,879736
2020. 6. 18.,1,913845
2020. 6. 19.,1,945942
2020. 6. 20.,1,941415
2020. 6. 21.,1,987058
2020. 6. 22.,1,1092083
2020. 6. 23.,1,1119442
2020. 6. 24.,1,1070862
2020. 6. 25.,1,1041742
2020. 6. 26.,1,1017505
2020. 6. 27.,1,1017138
2020. 6. 28.,1,997731
2020. 6. 29.,1,1056189
2020. 6. 30.,1,1111318
2020. 7. 1.,1,1044438
2020. 7. 2.,1,1039119
2020. 7. 3.,1,1022098
2020. 7. 4.,1,946287
2020. 7. 5.,1,880075
2020. 7. 6.,1,1020012
2020. 7. 7.,1,1064506
2020. 7. 8.,1,1092210
2020. 7. 9.,1,1070343
2020. 7. 10.,1,1034806
2020. 7. 11.,1,982930
2020. 7. 12.,1,997960
2020. 7. 13.,1,1151834
2020. 7. 14.,1,1098661
2020. 7. 15.,1,1111360
2020. 7. 16.,1,1068620
2020. 7. 17.,1,1078101
2020. 7. 18.,1,1071509
2020. 7. 19.,1,1082448
2020. 7. 20.,1,1143700
2020. 7. 21.,1,1120095
2020. 7. 22.,1,1138040
2020. 7. 23.,1,1147143
2020. 7. 24.,1,1146282
2020. 7. 25.,1,1175506
2020. 7. 26.,1,1137893
2020. 7. 27.,1,1261456
2020. 7. 28.,1,1222353
2020. 7. 29.,1,1163851
2020. 7. 30.,1,1164479
2020. 7. 31.,1,1218838
2020. 8. 1.,1,1171566
2020. 8. 2.,1,1125886
2020. 8. 3.,1,1176793
2020. 8. 4.,1,1164208
2020. 8. 5.,1,1182699
2020. 8. 6.,1,1215885
2020. 8. 7.,1,1249695
2020. 8. 8.,1,1182406
2020. 8. 9.,1,1229151
2020. 8. 10.,1,1289980
2020. 8. 11.,1,1254244
2020. 8. 12.,1,1229214
2020. 8. 13.,1,1209139
2020. 8. 14.,1,1201546
2020. 8. 15.,1,1107833
2020. 8. 16.,1,1152369
2020. 8. 17.,1,1181976
2020. 8. 18.,1,1229256
2020. 8. 19.,1,1216891
2020. 8. 20.,1,1182994
2020. 8. 21.,1,1256752
2020. 8. 22.,1,1102479
2020. 8. 23.,1,1122524
2020. 8. 24.,1,1162182
2020. 8. 25.,1,1138199
2020. 8. 26.,1,1166218
2020. 8. 27.,1,1136576
2020. 8. 28.,1,1131912
2020. 8. 29.,1,1130992
2020. 8. 30.,1,1142415
2020. 8. 31.,1,1235856
2020. 9. 1.,1,1245701
2020. 9. 2.,1,1181212
2020. 9. 3.,1,1149636
2020. 9. 4.,1,1141207
2020. 9. 5.,1,1040906
2020. 9. 6.,1,1026667
2020. 9. 7.,1,1051480
2020. 9. 8.,1,1026700
2020. 9. 9.,1,1052603
2020. 9. 10.,1,1120964
2020. 9. 11.,1,1074413
2020. 9. 12.,1,1034584
2020. 9. 13.,1,1042047
2020. 9. 14.,1,1079688
2020. 9. 15.,1,1089837
2020. 9. 16.,1,1035013
2020. 9. 17.,1,1406016
2020. 9. 18.,1,1244808
2020. 9. 19.,1,1090001
2020. 9. 20.,1,1095309
2020. 9. 21.,1,1133662
2020. 9. 22.,1,1081497
2020. 9. 23.,1,1084100
2020. 9. 24.,1,1087537
2020. 9. 25.,1,1034790
2020. 9. 26.,1,984559
2020. 9. 27.,1,966479
2020. 9. 28.,1,1080187
2020. 9. 29.,1,1088234
2020. 9. 30.,1,1079040
2020. 10. 1.,1,1018741
2020. 10. 2.,1,1002138
2020. 10. 3.,1,956528
2020. 10. 4.,1,985452
2020. 10. 5.,1,1027690
2020. 10. 6.,1,1083502
2020. 10. 7.,1,1035384
2020. 10. 8.,1,1019446
2020. 10. 9.,1,1049571
2020. 10. 10.,1,1036351
2020. 10. 11.,1,1004701
2020. 10. 12.,1,1092162
2020. 10. 13.,1,1127396
2020. 10. 14.,1,1093927
2020. 10. 15.,1,1249576
2020. 10. 16.,1,1161135
2020. 10. 17.,1,1051772
2020. 10. 18.,1,995711
2020. 10. 19.,1,1128930
2020. 10. 20.,1,1105678
2020. 10. 21.,1,1159354
2020. 10. 22.,1,1189043
2020. 10. 23.,1,1132837
2020. 10. 24.,1,1012156
2020. 10. 25.,1,965206
2020. 10. 26.,1,1086139
2020. 10. 27.,1,1078466
2020. 10. 28.,1,1139608
2020. 10. 29.,1,1107849
2020. 10. 30.,1,1111013
2020. 10. 31.,1,1089587
2020. 11. 1.,1,1050753
2020. 11. 2.,1,1156870
2020. 11. 3.,1,1119359
2020. 11. 4.,1,1137324
2020. 11. 5.,1,1128431
2020. 11. 6.,1,1171971
2020. 11. 7.,1,1131722
2020. 11. 8.,1,1016465
2020. 11. 9.,1,1147695
2020. 11. 10.,1,1157455
2020. 11. 11.,1,1096582
2020. 11. 12.,1,1099253
2020. 11. 13.,1,1156377
2020. 11. 14.,1,1067063
2020. 11. 15.,1,1037428
2020. 11. 16.,1,1105512
2020. 11. 17.,1,1173012
2020. 11. 18.,1,1120798
2020. 11. 19.,1,1122748
2020. 11. 20.,1,1162871
2020. 11. 21.,1,1172183
2020. 11. 22.,1,1148006
2020. 11. 23.,1,1213632
2020. 11. 24.,1,1240072
2020. 11. 25.,1,1205924
2020. 11. 26.,1,1173330
2020. 11. 27.,1,1102889
2020. 11. 28.,1,992335
2020. 11. 29.,1,993930
2020. 11. 30.,1,1183915
2020. 12. 1.,1,1172361
2020. 12. 2.,1,1071389
2020. 12. 3.,1,1114178
2020. 12. 4.,1,1134337
2020. 12. 5.,1,1055722
2020. 12. 6.,1,1034515
2020. 12. 7.,1,1102501
2020. 12. 8.,1,1149816
2020. 12. 9.,1,1150822
2020. 12. 10.,1,1092429
2020. 12. 11.,1,1122160
2020. 12. 12.,1,1092064
2020. 12. 13.,1,1142703
2020. 12. 14.,1,1241593
2020. 12. 15.,1,1215285
2020. 12. 16.,1,1261767
2020. 12. 17.,1,1342281
2020. 12. 18.,1,1193950
2020. 12. 19.,1,1162872
2020. 12. 20.,1,1074305
2020. 12. 21.,1,1146949
2020. 12. 22.,1,1147101
2020. 12. 23.,1,1254308
2020. 12. 24.,1,1142743
2020. 12. 25.,1,1140417
2020. 12. 26.,1,1139562
2020. 12. 27.,1,1177372
2020. 12. 28.,1,1256783
2020. 12. 29.,1,1206703
2020. 12. 30.,1,1227653
2020. 12. 31.,1,1163876
2021. 1. 1.,1,1136712
2021. 1. 2.,1,1170839
2021. 1. 3.,1,1234419
2021. 1. 4.,1,1275169
2021. 1. 5.,1,1258441
2021. 1. 6.,1,1280434
2021. 1. 7.,1,1298568
2021. 1. 8.,1,1288953
2021. 1. 9.,1,1231759
2021. 1. 10.,1,1210603
2021. 1. 11.,1,1280285
2021. 1. 12.,1,1165508
2021. 1. 13.,1,1126532
2021. 1. 14.,1,1184604
2021. 1. 15.,1,1227187
2021. 1. 16.,1,1193339
2021. 1. 17.,1,1133096
2021. 1. 18.,1,1217953
2021. 1. 19.,1,1252236
2021. 1. 20.,1,1213930
2021. 1. 21.,1,1178190
2021. 1. 22.,1,1182794
2021. 1. 23.,1,1140666
2021. 1. 24.,1,1117744
2021. 1. 25.,1,1207263
2021. 1. 26.,1,1194595
2021. 1. 27.,1,1140980
2021. 1. 28.,1,1190834
2021. 1. 29.,1,1293963
2021. 1. 30.,1,1218241
2021. 1. 31.,1,1244924
2021. 2. 1.,1,1300451
2021. 2. 2.,1,1302891
2021. 2. 3.,1,1314906
2021. 2. 4.,1,1309863
2021. 2. 5.,1,1316904
2021. 2. 6.,1,1227828
2021. 2. 7.,1,1230638
2021. 2. 8.,1,1275739
2021. 2. 9.,1,1327544
2021. 2. 10.,1,1320357
2021. 2. 11.,1,1270521
2021. 2. 12.,1,1290300
2021. 2. 13.,1,1252364
2021. 2. 14.,1,1206665
2021. 2. 15.,1,1210500
2021. 2. 16.,1,1217916
2021. 2. 17.,1,1258503
2021. 2. 18.,1,1298425
2021. 2. 19.,1,1323618
2021. 2. 20.,1,1337507
2021. 2. 21.,1,1233518
2021. 2. 22.,1,1312178
2021. 2. 23.,1,1302882
2021. 2. 24.,1,1285208
2021. 2. 25.,1,1232758
2021. 2. 26.,1,1236241
2021. 2. 27.,1,1202432
2021. 2. 28.,1,1179859
2021. 3. 1.,1,1185925
2021. 3. 2.,1,1240182
2021. 3. 3.,1,1235048
2021. 3. 4.,1,1234903
2021. 3. 5.,1,1208640
2021. 3. 6.,1,1160519
2021. 3. 7.,1,1180104
2021. 3. 8.,1,1216417
2021. 3. 9.,1,1275347
2021. 3. 10.,1,1256065
2021. 3. 11.,1,1284767
2021. 3. 12.,1,1325679
2021. 3. 13.,1,1293352
2021. 3. 14.,1,1277890
2021. 3. 15.,1,1321388
2021. 3. 16.,1,1308992
2021. 3. 17.,1,1272298
2021. 3. 18.,1,1299760
2021. 3. 19.,1,1291231
2021. 3. 20.,1,1262309
2021. 3. 21.,1,1206064
2021. 3. 22.,1,1307460
2021. 3. 23.,1,1298959
2021. 3. 24.,1,1309468
2021. 3. 25.,1,1349663
2021. 3. 26.,1,1265836
2021. 3. 27.,1,1230764
2021. 3. 28.,1,1211918
2021. 3. 29.,1,1269901
2021. 3. 30.,1,1300973
2021. 3. 31.,1,1354603
2021. 4. 1.,1,1368006
2021. 4. 2.,1,1358619
2021. 4. 3.,1,1293333
2021. 4. 4.,1,1197875
2021. 4. 5.,1,1296946
2021. 4. 6.,1,1335799
2021. 4. 7.,1,1312638
2021. 4. 8.,1,1284449
2021. 4. 9.,1,1300882
2021. 4. 10.,1,1315016
2021. 4. 11.,1,1256904
2021. 4. 12.,1,1347983
2021. 4. 13.,1,1350467
2021. 4. 14.,1,1386341
2021. 4. 15.,1,1197340
2021. 4. 16.,1,1426977
2021. 4. 17.,1,1453000
2021. 4. 18.,1,1396766
2021. 4. 19.,1,1476842
2021. 4. 20.,1,1555560
2021. 4. 21.,1,1565355
2021. 4. 22.,1,1577266
2021. 4. 23.,1,1537100
2021. 4. 24.,1,1389103
2021. 4. 25.,1,1389350
2021. 4. 26.,1,1448466
2021. 4. 27.,1,1448293
2021. 4. 28.,1,1517604
2021. 4. 29.,1,1530717
2021. 4. 30.,1,1441230
2021. 5. 1.,1,1427568
2021. 5. 2.,1,1417458
2021. 5. 3.,1,1488804
2021. 5. 4.,1,1536119
2021. 5. 5.,1,1518877
2021. 5. 6.,1,1532197
2021. 5. 7.,1,1527890
2021. 5. 8.,1,1710882
2021. 5. 9.,1,1716600
2021. 5. 10.,1,1716489
2021. 5. 11.,1,1716051
2021. 5. 12.,1,1624077
2021. 5. 13.,1,1588560
2021. 5. 14.,1,1531689
2021. 5. 15.,1,1472680
2021. 5. 16.,1,1425115
2021. 5. 17.,1,1446627
2021. 5. 18.,1,1425053
2021. 5. 19.,1,1461174
2021. 5. 20.,1,1459146
2021. 5. 21.,1,1367394
2021. 5. 22.,1,1283663
2021. 5. 23.,1,1264253
2021. 5. 24.,1,1312739
2021. 5. 25.,1,1289446
2021. 5. 26.,1,1326432
2021. 5. 27.,1,1291385
2021. 5. 28.,1,1305078
2021. 5. 29.,1,1293425
2021. 5. 30.,1,1280282
2021. 5. 31.,1,1297889
2021. 6. 1.,1,1274354
2021. 6. 2.,1,1314178
2021. 6. 3.,1,1337711
2021. 6. 4.,1,1301803
2021. 6. 5.,1,1176676
2021. 6. 6.,1,1134526
2021. 6. 7.,1,1225549
2021. 6. 8.,1,1221063
2021. 6. 9.,1,1194275
2021. 6. 10.,1,1188556
2021. 6. 11.,1,1183286
2021. 6. 12.,1,1131777
2021. 6. 13.,1,1124736
2021. 6. 14.,1,1188556
2021. 6. 15.,1,1224101
2021. 6. 16.,1,1201109
2021. 6. 17.,1,1218956
2021. 6. 18.,1,1170182
2021. 6. 19.,1,1050189
2021. 6. 20.,1,1057288
2021. 6. 21.,1,1209567
2021. 6. 22.,1,1297644
2021. 6. 23.,1,1201974
2021. 6. 24.,1,1207012
2021. 6. 25.,1,1227331
2021. 6. 26.,1,1150460
2021. 6. 27.,1,1104703
2021. 6. 28.,1,1404100
2021. 6. 29.,1,1264320
2021. 6. 30.,1,1212214
2021. 7. 1.,1,1211710
2021. 7. 2.,1,1181574
2021. 7. 3.,1,1122543
2021. 7. 4.,1,1105343
2021. 7. 5.,1,1147895
2021. 7. 6.,1,1355421
2021. 7. 7.,1,1290979
2021. 7. 8.,1,1262627
2021. 7. 9.,1,1223691
2021. 7. 10.,1,1139265
2021. 7. 11.,1,1101766
2021. 7. 12.,1,1191465
2021. 7. 13.,1,1183412
2021. 7. 14.,1,1223130
2021. 7. 15.,1,1259972
2021. 7. 16.,1,1199018
2021. 7. 17.,1,1164624
2021. 7. 18.,1,1168843
2021. 7. 19.,1,1195218
2021. 7. 20.,1,1192750
2021. 7. 21.,1,1195171
2021. 7. 22.,1,1202844
2021. 7. 23.,1,1203397
2021. 7. 24.,1,1225509
2021. 7. 25.,1,1128848
2021. 7. 26.,1,1260619
2021. 7. 27.,1,1318124
2021. 7. 28.,1,1300283
2021. 7. 29.,1,1259128
2021. 7. 30.,1,1242337
2021. 7. 31.,1,1212322
2021. 8. 1.,1,1190618
2021. 8. 2.,1,1269470
2021. 8. 3.,1,1219663
2021. 8. 4.,1,1223841
2021. 8. 5.,1,1159663
2021. 8. 6.,1,1212021
2021. 8. 7.,1,1198433
2021. 8. 8.,1,1184278
2021. 8. 9.,1,1218594
2021. 8. 10.,1,1212289
2021. 8. 11.,1,1234409
2021. 8. 12.,1,1195283
2021. 8. 13.,1,1197050
2021. 8. 14.,1,1159942
2021. 8. 15.,1,523881